ID,DateTime,Symbol,Side,Quantity,Rate,source,trade_account_id,fill_counter,fill_type,fill_quantity,remaining_quantity,bid_timestamp,bid_symbol,bid_price,bid_size,bid_remaining_size
415030134,2025-04-22 23:38:02.451000,XRPUSD,Buy,2149.2,2.22192,market,other,1,partial_fill,22.8,2126.3999999999996,2025-04-22 23:38:02.517343,XRPUSD,2.221,22.8,0.0
415030134,2025-04-22 23:38:02.451000,XRPUSD,Buy,2149.2,2.22192,market,other,2,partial_fill,495.0,1631.3999999999996,2025-04-22 23:38:02.244019,XRPUSD,2.22124,495.0,0.0
415030134,2025-04-22 23:38:02.451000,XRPUSD,Buy,2149.2,2.22192,market,other,3,partial_fill,6.7518,1624.6481999999996,2025-04-22 23:38:01.892090,XRPUSD,2.22161,6.7518,0.0
415030134,2025-04-22 23:38:02.451000,XRPUSD,Buy,2149.2,2.22192,market,other,4,partial_fill,557.8751,1066.7730999999997,2025-04-22 23:38:01.784951,XRPUSD,2.22161,557.8751,0.0
415030134,2025-04-22 23:38:02.451000,XRPUSD,Buy,2149.2,2.22192,market,other,5,partial_fill,197.0,869.7730999999997,2025-04-22 23:38:01.504797,XRPUSD,2.2219,197.0,0.0
415030134,2025-04-22 23:38:02.451000,XRPUSD,Buy,2149.2,2.22192,market,other,6,partial_fill,197.0,672.7730999999997,2025-04-22 23:38:01.120024,XRPUSD,2.2219,197.0,0.0
415030134,2025-04-22 23:38:02.451000,XRPUSD,Buy,2149.2,2.22192,market,other,7,partial_fill,672.7730999999997,0.0,2025-04-22 23:38:01.009257,XRPUSD,2.22217,2500.0,1827.2269000000003
415030222,2025-04-22 23:38:37.464000,XRPUSD,Buy,200.0,2.22122,market,other,1,fill,200.0,0.0,2025-04-22 23:38:37.354860,XRPUSD,2.21994,1753.6864,1553.6864
415030223,2025-04-22 23:38:37.464000,XRPUSD,Buy,607.5,2.22122,market,other,1,fill,607.5,0.0,2025-04-22 23:38:37.354860,XRPUSD,2.21994,1753.6864,946.1864
415030224,2025-04-22 23:38:37.464000,XRPUSD,Buy,1041.5,2.22124,market,other,1,partial_fill,946.1864,95.31359999999995,2025-04-22 23:38:37.354860,XRPUSD,2.21994,1753.6864,0.0
415030224,2025-04-22 23:38:37.464000,XRPUSD,Buy,1041.5,2.22124,market,other,2,partial_fill,95.31359999999995,0.0,2025-04-22 23:38:37.251459,XRPUSD,2.21994,1753.6864,1658.3728
415030288,2025-04-22 23:38:52.623000,XRPUSD,Buy,2149.2,2.22028,market,other,1,partial_fill,846.9047,1302.2952999999998,2025-04-22 23:38:52.655354,XRPUSD,2.219,846.9047,0.0
415030288,2025-04-22 23:38:52.623000,XRPUSD,Buy,2149.2,2.22028,market,other,2,partial_fill,27.527,1274.7682999999997,2025-04-22 23:38:52.392310,XRPUSD,2.21925,27.527,0.0
415030288,2025-04-22 23:38:52.623000,XRPUSD,Buy,2149.2,2.22028,market,other,3,partial_fill,27.527,1247.2412999999997,2025-04-22 23:38:52.283411,XRPUSD,2.21925,27.527,0.0
415030288,2025-04-22 23:38:52.623000,XRPUSD,Buy,2149.2,2.22028,market,other,4,partial_fill,337.7,909.5412999999996,2025-04-22 23:38:52.005013,XRPUSD,2.2196,337.7,0.0
415030288,2025-04-22 23:38:52.623000,XRPUSD,Buy,2149.2,2.22028,market,other,5,partial_fill,337.7,571.8412999999996,2025-04-22 23:38:51.641401,XRPUSD,2.2196,337.7,0.0
415030288,2025-04-22 23:38:52.623000,XRPUSD,Buy,2149.2,2.22028,market,other,6,partial_fill,337.7,234.1412999999996,2025-04-22 23:38:51.529171,XRPUSD,2.2196,337.7,0.0
415030288,2025-04-22 23:38:52.623000,XRPUSD,Buy,2149.2,2.22028,market,other,7,partial_fill,234.1412999999996,0.0,2025-04-22 23:38:51.259322,XRPUSD,2.2196,337.7,103.55870000000039
415030291,2025-04-22 23:38:52.684000,XRPUSD,Buy,744.9,2.22029,market,other,1,partial_fill,103.55870000000039,641.3412999999996,2025-04-22 23:38:51.259322,XRPUSD,2.2196,337.7,0.0
415030291,2025-04-22 23:38:52.684000,XRPUSD,Buy,744.9,2.22029,market,other,2,partial_fill,112.5,528.8412999999996,2025-04-22 23:38:50.877245,XRPUSD,2.2196,112.5,0.0
415030291,2025-04-22 23:38:52.684000,XRPUSD,Buy,744.9,2.22029,market,other,3,partial_fill,495.0,33.84129999999959,2025-04-22 23:38:50.775327,XRPUSD,2.21962,495.0,0.0
415030291,2025-04-22 23:38:52.684000,XRPUSD,Buy,744.9,2.22029,market,other,4,partial_fill,33.84129999999959,0.0,2025-04-22 23:38:50.504843,XRPUSD,2.21946,1303.0231,1269.1818000000005
415030292,2025-04-22 23:38:52.684000,XRPUSD,Buy,2753.68065161,2.22029,market,other,1,partial_fill,1269.1818000000005,1484.4988516099995,2025-04-22 23:38:50.504843,XRPUSD,2.21946,1303.0231,0.0
415030292,2025-04-22 23:38:52.684000,XRPUSD,Buy,2753.68065161,2.22029,market,other,2,partial_fill,1303.0231,181.4757516099994,2025-04-22 23:38:50.139898,XRPUSD,2.21946,1303.0231,0.0
415030292,2025-04-22 23:38:52.684000,XRPUSD,Buy,2753.68065161,2.22029,market,other,3,partial_fill,181.4757516099994,0.0,2025-04-22 23:38:50.028118,XRPUSD,2.21946,808.0231,626.5473483900006
415030297,2025-04-22 23:38:54.623000,XRPUSD,Buy,2529.42080719,2.22081,market,other,1,partial_fill,1831.2896,698.1312071899997,2025-04-22 23:38:54.537434,XRPUSD,2.21938,1831.2896,0.0
415030297,2025-04-22 23:38:54.623000,XRPUSD,Buy,2529.42080719,2.22081,market,other,2,partial_fill,112.5,585.6312071899997,2025-04-22 23:38:54.135757,XRPUSD,2.2194,112.5,0.0
415030297,2025-04-22 23:38:54.623000,XRPUSD,Buy,2529.42080719,2.22081,market,other,3,partial_fill,112.5,473.1312071899997,2025-04-22 23:38:54.027355,XRPUSD,2.2194,112.5,0.0
415030297,2025-04-22 23:38:54.623000,XRPUSD,Buy,2529.42080719,2.22081,market,other,4,partial_fill,473.1312071899997,0.0,2025-04-22 23:38:53.758998,XRPUSD,2.21938,767.3431,294.21189281000034
415030452,2025-04-22 23:39:31.004000,XRPUSD,Buy,40.656,2.22125,market,other,1,fill,40.656,0.0,2025-04-22 23:39:30.658363,XRPUSD,2.22017,1573.741,1533.085
415030499,2025-04-22 23:39:45.388000,XRPUSD,Buy,3005.98379677,2.2204,market,other,1,partial_fill,1027.5434,1978.44039677,2025-04-22 23:39:45.511750,XRPUSD,2.21944,1027.5434,0.0
415030499,2025-04-22 23:39:45.388000,XRPUSD,Buy,3005.98379677,2.2204,market,other,2,partial_fill,1027.5434,950.89699677,2025-04-22 23:39:45.258721,XRPUSD,2.21944,1027.5434,0.0
415030499,2025-04-22 23:39:45.388000,XRPUSD,Buy,3005.98379677,2.2204,market,other,3,partial_fill,325.5521,625.34489677,2025-04-22 23:39:44.878766,XRPUSD,2.21968,325.5521,0.0
415030499,2025-04-22 23:39:45.388000,XRPUSD,Buy,3005.98379677,2.2204,market,other,4,partial_fill,625.34489677,0.0,2025-04-22 23:39:44.759891,XRPUSD,2.21968,1503.2882,877.94330323
415030500,2025-04-22 23:39:45.455000,XRPUSD,Buy,71.08203187,2.2204,market,other,1,fill,71.08203187,0.0,2025-04-22 23:39:44.759891,XRPUSD,2.21968,1503.2882,806.8612713599999
415030501,2025-04-22 23:39:45.514000,XRPUSD,Buy,485.99746201,2.2204,market,other,1,fill,485.99746201,0.0,2025-04-22 23:39:45.626468,XRPUSD,2.2198,515.5678,29.57033799000004
415030571,2025-04-22 23:40:09.615000,XRPUSD,Buy,50.543119,2.21833,market,other,1,fill,50.543119,0.0,2025-04-22 23:40:09.751345,XRPUSD,2.21723,518.5755,468.03238100000004
415030605,2025-04-22 23:40:27.759000,XRPUSD,Buy,47.600509,2.21728,market,other,1,fill,47.600509,0.0,2025-04-22 23:40:27.663664,XRPUSD,2.21631,121.6009,74.000391
415030739,2025-04-22 23:41:23.741000,XRPUSD,Buy,535.60335669,2.21745,market,other,1,partial_fill,338.20000000000005,197.40335669,2025-04-22 23:41:23.803085,XRPUSD,2.2167,338.20000000000005,0.0
415030739,2025-04-22 23:41:23.741000,XRPUSD,Buy,535.60335669,2.21745,market,other,2,partial_fill,197.40335669,0.0,2025-04-22 23:41:23.527279,XRPUSD,2.21674,1200.01579,1002.6124333099999
415030741,2025-04-22 23:41:25.962000,XRPUSD,Buy,206.88,2.21784,market,other,1,fill,206.88,0.0,2025-04-22 23:41:26.012872,XRPUSD,2.2168,225.5,18.620000000000005
415030800,2025-04-22 23:41:52.711000,XRPUSD,Buy,93.87,2.21784,market,other,1,fill,93.87,0.0,2025-04-22 23:41:52.653445,XRPUSD,2.2167,225.5,131.63
415030972,2025-04-22 23:42:39.900000,XRPUSD,Buy,200.0,2.2215,market,other,1,partial_fill,22.80000000000001,177.2,2025-04-22 23:42:39.888616,XRPUSD,2.2203,22.80000000000001,0.0
415030972,2025-04-22 23:42:39.900000,XRPUSD,Buy,200.0,2.2215,market,other,2,partial_fill,177.2,0.0,2025-04-22 23:42:39.770029,XRPUSD,2.22053,271.3138,94.11380000000003
415030983,2025-04-22 23:42:42.109000,XRPUSD,Buy,51.111346,2.22217,market,other,1,fill,51.111346,0.0,2025-04-22 23:42:42.016539,XRPUSD,2.22117,745.6834,694.572054
415031330,2025-04-22 23:44:50.654000,XRPUSD,Buy,0.396,2.2207,market,other,1,fill,0.396,0.0,2025-04-22 23:44:50.612243,XRPUSD,2.21953,56.1234,55.727399999999996
415031408,2025-04-22 23:45:31.516000,XRPUSD,Buy,5.0,2.22073,market,other,1,fill,5.0,0.0,2025-04-22 23:45:31.483685,XRPUSD,2.21971,362.88700000000006,357.88700000000006
415031417,2025-04-22 23:45:43.435000,XRPUSD,Buy,3378.0898013,2.22034,market,other,1,partial_fill,824.5492,2553.5406013,2025-04-22 23:45:43.423399,XRPUSD,2.21934,824.5492,0.0
415031417,2025-04-22 23:45:43.435000,XRPUSD,Buy,3378.0898013,2.22034,market,other,2,partial_fill,824.5492,1728.9914013000002,2025-04-22 23:45:43.285501,XRPUSD,2.21934,824.5492,0.0
415031417,2025-04-22 23:45:43.435000,XRPUSD,Buy,3378.0898013,2.22034,market,other,3,partial_fill,824.5492,904.4422013000002,2025-04-22 23:45:43.006860,XRPUSD,2.21934,824.5492,0.0
415031417,2025-04-22 23:45:43.435000,XRPUSD,Buy,3378.0898013,2.22034,market,other,4,partial_fill,904.4422013000002,0.0,2025-04-22 23:45:42.662586,XRPUSD,2.21927,2500.0,1595.5577986999997
415031464,2025-04-22 23:45:58.193000,XRPUSD,Buy,11.176,2.22058,market,other,1,fill,11.176,0.0,2025-04-22 23:45:58.019077,XRPUSD,2.21952,683.9568,672.7808
415031472,2025-04-22 23:46:02.952000,XRPUSD,Buy,200.0,2.22026,market,other,1,partial_fill,141.9852,58.01480000000001,2025-04-22 23:46:03.022545,XRPUSD,2.21938,141.9852,0.0
415031472,2025-04-22 23:46:02.952000,XRPUSD,Buy,200.0,2.22026,market,other,2,partial_fill,58.01480000000001,0.0,2025-04-22 23:46:02.747512,XRPUSD,2.21938,955.0182,897.0033999999999
415031473,2025-04-22 23:46:02.957000,XRPUSD,Buy,607.5,2.22026,market,other,1,fill,607.5,0.0,2025-04-22 23:46:02.747512,XRPUSD,2.21938,955.0182,289.50339999999994
415031474,2025-04-22 23:46:02.958000,XRPUSD,Buy,1341.7,2.22026,market,other,1,partial_fill,289.50339999999994,1052.1966000000002,2025-04-22 23:46:02.747512,XRPUSD,2.21938,955.0182,0.0
415031474,2025-04-22 23:46:02.958000,XRPUSD,Buy,1341.7,2.22026,market,other,2,partial_fill,119.2846,932.9120000000003,2025-04-22 23:46:02.353236,XRPUSD,2.21938,119.2846,0.0
415031474,2025-04-22 23:46:02.958000,XRPUSD,Buy,1341.7,2.22026,market,other,3,partial_fill,932.9120000000003,0.0,2025-04-22 23:46:02.099548,XRPUSD,2.21926,990.0,57.08799999999974
415031475,2025-04-22 23:46:02.958000,XRPUSD,Buy,178.63856,2.22029,market,other,1,partial_fill,57.08799999999974,121.55056000000027,2025-04-22 23:46:02.099548,XRPUSD,2.21926,990.0,0.0
415031475,2025-04-22 23:46:02.958000,XRPUSD,Buy,178.63856,2.22029,market,other,2,partial_fill,121.55056000000027,0.0,2025-04-22 23:46:01.997624,XRPUSD,2.21926,990.0,868.4494399999998
415031551,2025-04-22 23:46:25.551000,XRPUSD,Buy,224.95163539,2.22232,market,other,1,fill,224.95163539,0.0,2025-04-22 23:46:25.510974,XRPUSD,2.22147,318.033,93.08136461000001
415031558,2025-04-22 23:46:26.221000,XRPUSD,Buy,2049.0,2.22172,market,other,1,partial_fill,33.50000000000003,2015.5,2025-04-22 23:46:26.270666,XRPUSD,2.2212,33.50000000000003,0.0
415031558,2025-04-22 23:46:26.221000,XRPUSD,Buy,2049.0,2.22172,market,other,2,partial_fill,483.0042,1532.4958,2025-04-22 23:46:25.865954,XRPUSD,2.22133,483.0042,0.0
415031558,2025-04-22 23:46:26.221000,XRPUSD,Buy,2049.0,2.22172,market,other,3,partial_fill,318.033,1214.4627999999998,2025-04-22 23:46:25.766026,XRPUSD,2.22147,318.033,0.0
415031558,2025-04-22 23:46:26.221000,XRPUSD,Buy,2049.0,2.22172,market,other,4,partial_fill,93.08136461000001,1121.3814353899998,2025-04-22 23:46:25.510974,XRPUSD,2.22147,318.033,0.0
415031558,2025-04-22 23:46:26.221000,XRPUSD,Buy,2049.0,2.22172,market,other,5,partial_fill,318.033,803.3484353899997,2025-04-22 23:46:25.117592,XRPUSD,2.22147,318.033,0.0
415031558,2025-04-22 23:46:26.221000,XRPUSD,Buy,2049.0,2.22172,market,other,6,partial_fill,493.7839,309.5645353899997,2025-04-22 23:46:25.014602,XRPUSD,2.22147,493.7839,0.0
415031558,2025-04-22 23:46:26.221000,XRPUSD,Buy,2049.0,2.22172,market,other,7,partial_fill,309.5645353899997,0.0,2025-04-22 23:46:24.751329,XRPUSD,2.22147,1308.03299,998.4684546100002
415031584,2025-04-22 23:46:36.075000,XRPUSD,Buy,13.15777627,2.22108,market,other,1,fill,13.15777627,0.0,2025-04-22 23:46:36.024929,XRPUSD,2.22031,1142.5981,1129.4403237299998
415031593,2025-04-22 23:46:41.390000,XRPUSD,Buy,48.981,2.2209,market,other,1,fill,48.981,0.0,2025-04-22 23:46:41.251735,XRPUSD,2.21976,2212.5655,2163.5845
415031864,2025-04-22 23:49:00.414000,XRPUSD,Buy,40.747,2.22274,market,other,1,fill,40.747,0.0,2025-04-22 23:49:00.391921,XRPUSD,2.2217,225.0,184.253
415032009,2025-04-22 23:49:57.057000,XRPUSD,Buy,607.5,2.22227,market,other,1,partial_fill,112.5,495.0,2025-04-22 23:49:56.988569,XRPUSD,2.2211,112.5,0.0
415032009,2025-04-22 23:49:57.057000,XRPUSD,Buy,607.5,2.22227,market,other,2,partial_fill,112.5,382.5,2025-04-22 23:49:56.617991,XRPUSD,2.2211,112.5,0.0
415032009,2025-04-22 23:49:57.057000,XRPUSD,Buy,607.5,2.22227,market,other,3,partial_fill,112.5,270.0,2025-04-22 23:49:56.353821,XRPUSD,2.2211,112.5,0.0
415032009,2025-04-22 23:49:57.057000,XRPUSD,Buy,607.5,2.22227,market,other,4,partial_fill,112.5,157.5,2025-04-22 23:49:56.242911,XRPUSD,2.2211,112.5,0.0
415032009,2025-04-22 23:49:57.057000,XRPUSD,Buy,607.5,2.22227,market,other,5,partial_fill,112.5,45.0,2025-04-22 23:49:55.862819,XRPUSD,2.2211,112.5,0.0
415032009,2025-04-22 23:49:57.057000,XRPUSD,Buy,607.5,2.22227,market,other,6,partial_fill,45.0,0.0,2025-04-22 23:49:55.598860,XRPUSD,2.2211,112.5,67.5
415032034,2025-04-22 23:50:03.062000,XRPUSD,Buy,200.0,2.22215,market,other,1,fill,200.0,0.0,2025-04-22 23:50:02.868965,XRPUSD,2.22108,698.4576,498.45759999999996
415032115,2025-04-22 23:50:17.772000,XRPUSD,Buy,2149.2,2.22253,market,other,1,partial_fill,508.504,1640.696,2025-04-22 23:50:17.758967,XRPUSD,2.22155,508.504,0.0
415032115,2025-04-22 23:50:17.772000,XRPUSD,Buy,2149.2,2.22253,market,other,2,partial_fill,1003.504,637.1919999999999,2025-04-22 23:50:17.871117,XRPUSD,2.22155,1003.504,0.0
415032115,2025-04-22 23:50:17.772000,XRPUSD,Buy,2149.2,2.22253,market,other,3,partial_fill,637.1919999999999,0.0,2025-04-22 23:50:17.508271,XRPUSD,2.2216,1013.4883,376.2963000000001
415032116,2025-04-22 23:50:17.772000,XRPUSD,Buy,200.0,2.22254,market,other,1,fill,200.0,0.0,2025-04-22 23:50:17.508271,XRPUSD,2.2216,1013.4883,176.2963000000001
415032117,2025-04-22 23:50:17.772000,XRPUSD,Buy,607.5,2.22254,market,other,1,partial_fill,176.2963000000001,431.2036999999999,2025-04-22 23:50:17.508271,XRPUSD,2.2216,1013.4883,0.0
415032117,2025-04-22 23:50:17.772000,XRPUSD,Buy,607.5,2.22254,market,other,2,partial_fill,431.2036999999999,0.0,2025-04-22 23:50:17.127100,XRPUSD,2.2216,1013.4883,582.2846000000001
415032118,2025-04-22 23:50:17.772000,XRPUSD,Buy,1043.3,2.22257,market,other,1,partial_fill,582.2846000000001,461.0153999999999,2025-04-22 23:50:17.127100,XRPUSD,2.2216,1013.4883,0.0
415032118,2025-04-22 23:50:17.772000,XRPUSD,Buy,1043.3,2.22257,market,other,2,partial_fill,461.0153999999999,0.0,2025-04-22 23:50:17.024909,XRPUSD,2.2216,1238.4883,777.4729000000001
415032191,2025-04-22 23:50:36.330000,XRPUSD,Buy,7.70791075,2.22111,market,other,1,fill,7.70791075,0.0,2025-04-22 23:50:36.183664,XRPUSD,2.2199,991.4867,983.77878925
415032241,2025-04-22 23:50:55.270000,XRPUSD,Buy,1175.77818826,2.22298,market,other,1,partial_fill,22.8831,1152.89508826,2025-04-22 23:50:55.105662,XRPUSD,2.22205,22.8831,0.0
415032241,2025-04-22 23:50:55.270000,XRPUSD,Buy,1175.77818826,2.22298,market,other,2,partial_fill,517.6006,635.29448826,2025-04-22 23:50:55.001009,XRPUSD,2.22197,517.6006,0.0
415032241,2025-04-22 23:50:55.270000,XRPUSD,Buy,1175.77818826,2.22298,market,other,3,partial_fill,495.0,140.29448825999998,2025-04-22 23:50:54.746746,XRPUSD,2.22197,495.0,0.0
415032241,2025-04-22 23:50:55.270000,XRPUSD,Buy,1175.77818826,2.22298,market,other,4,partial_fill,140.29448825999998,0.0,2025-04-22 23:50:54.377580,XRPUSD,2.22217,495.0,354.70551174
415032318,2025-04-22 23:51:13.685000,XRPUSD,Buy,0.45,2.22245,market,other,1,fill,0.45,0.0,2025-04-22 23:51:13.786838,XRPUSD,2.22134,1375.7847,1375.3346999999999
415032356,2025-04-22 23:51:31.994000,XRPUSD,Buy,57.979,2.22325,market,other,1,fill,57.979,0.0,2025-04-22 23:51:32.000079,XRPUSD,2.22209,1304.18789,1246.2088899999999
415032358,2025-04-22 23:51:33.291000,XRPUSD,Buy,89.13,2.22321,market,other,1,fill,89.13,0.0,2025-04-22 23:51:33.099657,XRPUSD,2.22209,880.9269,791.7969
415032523,2025-04-22 23:52:27.132000,XRPUSD,Buy,8.86,2.22111,market,other,1,fill,8.86,0.0,2025-04-22 23:52:27.003820,XRPUSD,2.22007,495.0,486.14
415032524,2025-04-22 23:52:27.542000,XRPUSD,Buy,692.09879209,2.2211,market,other,1,partial_fill,613.4791,78.61969208999994,2025-04-22 23:52:27.628403,XRPUSD,2.22007,613.4791,0.0
415032524,2025-04-22 23:52:27.542000,XRPUSD,Buy,692.09879209,2.2211,market,other,2,partial_fill,78.61969208999994,0.0,2025-04-22 23:52:27.371799,XRPUSD,2.22007,495.0,416.38030791000006
415032582,2025-04-22 23:52:54.233000,XRPUSD,Buy,89.296,2.22093,market,other,1,fill,89.296,0.0,2025-04-22 23:52:54.265135,XRPUSD,2.21974,1080.9164,991.6204
415032588,2025-04-22 23:53:02.827000,XRPUSD,Buy,16.306,2.22071,market,other,1,fill,16.306,0.0,2025-04-22 23:53:02.776660,XRPUSD,2.21945,362.887,346.581
415032668,2025-04-22 23:53:45.055000,XRPUSD,Buy,2250.11933274,2.22089,market,other,1,partial_fill,362.887,1887.2323327400002,2025-04-22 23:53:44.889049,XRPUSD,2.22026,362.887,0.0
415032668,2025-04-22 23:53:45.055000,XRPUSD,Buy,2250.11933274,2.22089,market,other,2,partial_fill,362.887,1524.3453327400002,2025-04-22 23:53:44.771352,XRPUSD,2.22026,362.887,0.0
415032668,2025-04-22 23:53:45.055000,XRPUSD,Buy,2250.11933274,2.22089,market,other,3,partial_fill,362.887,1161.4583327400003,2025-04-22 23:53:44.516512,XRPUSD,2.22026,362.887,0.0
415032668,2025-04-22 23:53:45.055000,XRPUSD,Buy,2250.11933274,2.22089,market,other,4,partial_fill,362.887,798.5713327400003,2025-04-22 23:53:44.133720,XRPUSD,2.22026,362.887,0.0
415032668,2025-04-22 23:53:45.055000,XRPUSD,Buy,2250.11933274,2.22089,market,other,5,partial_fill,362.887,435.68433274000034,2025-04-22 23:53:44.013246,XRPUSD,2.22026,362.887,0.0
415032668,2025-04-22 23:53:45.055000,XRPUSD,Buy,2250.11933274,2.22089,market,other,6,partial_fill,362.887,72.79733274000034,2025-04-22 23:53:43.750674,XRPUSD,2.22026,362.887,0.0
415032668,2025-04-22 23:53:45.055000,XRPUSD,Buy,2250.11933274,2.22089,market,other,7,partial_fill,72.79733274000034,0.0,2025-04-22 23:53:43.418361,XRPUSD,2.22026,362.887,290.08966725999966
415032669,2025-04-22 23:53:45.055000,XRPUSD,Buy,14.88066726,2.22095,market,other,1,fill,14.88066726,0.0,2025-04-22 23:53:43.418361,XRPUSD,2.22026,362.887,275.20899999999966
415032670,2025-04-22 23:53:48.548000,XRPUSD,Buy,0.98012574,2.22095,market,other,1,fill,0.98012574,0.0,2025-04-22 23:53:48.490109,XRPUSD,2.22022,2091.212,2090.23187426
415032685,2025-04-22 23:54:02.012000,XRPUSD,Buy,111.0,2.22199,market,other,1,fill,111.0,0.0,2025-04-22 23:54:02.009941,XRPUSD,2.2209,225.1,114.1
415032690,2025-04-22 23:54:10.027000,XRPUSD,Buy,50.0,2.2214,market,other,1,fill,50.0,0.0,2025-04-22 23:54:10.016025,XRPUSD,2.2204,225.10000000000002,175.10000000000002
415032792,2025-04-22 23:54:21.731000,XRPUSD,Buy,8.931,2.22063,market,other,1,fill,8.931,0.0,2025-04-22 23:54:21.767835,XRPUSD,2.21961,120.9623,112.0313
415032873,2025-04-22 23:54:40.553000,XRPUSD,Buy,222.0,2.21883,market,other,1,partial_fill,35.6,186.4,2025-04-22 23:54:40.515476,XRPUSD,2.2191,35.6,0.0
415032873,2025-04-22 23:54:40.553000,XRPUSD,Buy,222.0,2.21883,market,other,2,partial_fill,35.6,150.8,2025-04-22 23:54:40.109944,XRPUSD,2.2191,35.6,0.0
415032873,2025-04-22 23:54:40.553000,XRPUSD,Buy,222.0,2.21883,market,other,3,partial_fill,35.6,115.20000000000002,2025-04-22 23:54:40.006500,XRPUSD,2.2191,35.6,0.0
415032873,2025-04-22 23:54:40.553000,XRPUSD,Buy,222.0,2.21883,market,other,4,partial_fill,35.6,79.60000000000002,2025-04-22 23:54:39.748224,XRPUSD,2.2191,35.6,0.0
415032873,2025-04-22 23:54:40.553000,XRPUSD,Buy,222.0,2.21883,market,other,5,partial_fill,35.6,44.00000000000002,2025-04-22 23:54:39.402024,XRPUSD,2.2191,35.6,0.0
415032873,2025-04-22 23:54:40.553000,XRPUSD,Buy,222.0,2.21883,market,other,6,partial_fill,35.6,8.40000000000002,2025-04-22 23:54:39.277014,XRPUSD,2.2191,35.6,0.0
415032873,2025-04-22 23:54:40.553000,XRPUSD,Buy,222.0,2.21883,market,other,7,partial_fill,8.40000000000002,0.0,2025-04-22 23:54:39.005000,XRPUSD,2.2191,35.6,27.19999999999998
415032875,2025-04-22 23:54:44.307000,XRPUSD,Buy,3.127,2.21826,market,other,1,fill,3.127,0.0,2025-04-22 23:54:44.137640,XRPUSD,2.21717,718.033,714.9060000000001
415032876,2025-04-22 23:54:44.530000,XRPUSD,Buy,0.085,2.21824,market,other,1,fill,0.085,0.0,2025-04-22 23:54:44.519641,XRPUSD,2.21717,718.033,717.948
415032927,2025-04-22 23:55:10.302000,XRPUSD,Buy,224.14,2.21681,market,other,1,fill,224.14,0.0,2025-04-22 23:55:10.122019,XRPUSD,2.21574,1070.7173,846.5773
415032987,2025-04-22 23:55:32.640000,XRPUSD,Buy,1103.11638496,2.21684,market,other,1,partial_fill,937.3427000000001,165.77368495999985,2025-04-22 23:55:32.573411,XRPUSD,2.21614,937.3427000000001,0.0
415032987,2025-04-22 23:55:32.640000,XRPUSD,Buy,1103.11638496,2.21684,market,other,2,partial_fill,165.77368495999985,0.0,2025-04-22 23:55:32.176679,XRPUSD,2.21614,937.3427000000001,771.5690150400003
415032992,2025-04-22 23:55:36.819000,XRPUSD,Buy,990.11886289,2.218,market,other,1,partial_fill,362.1258,627.9930628899999,2025-04-22 23:55:36.773491,XRPUSD,2.21719,362.1258,0.0
415032992,2025-04-22 23:55:36.819000,XRPUSD,Buy,990.11886289,2.218,market,other,2,partial_fill,362.1258,265.8672628899999,2025-04-22 23:55:36.870546,XRPUSD,2.21719,362.1258,0.0
415032992,2025-04-22 23:55:36.819000,XRPUSD,Buy,990.11886289,2.218,market,other,3,partial_fill,265.8672628899999,0.0,2025-04-22 23:55:36.495615,XRPUSD,2.21719,362.1258,96.25853711000013
415032993,2025-04-22 23:55:36.819000,XRPUSD,Buy,1044.27402111,2.21819,market,other,1,partial_fill,96.25853711000013,948.0154839999998,2025-04-22 23:55:36.495615,XRPUSD,2.21719,362.1258,0.0
415032993,2025-04-22 23:55:36.819000,XRPUSD,Buy,1044.27402111,2.21819,market,other,2,partial_fill,362.1258,585.8896839999998,2025-04-22 23:55:36.098052,XRPUSD,2.21719,362.1258,0.0
415032993,2025-04-22 23:55:36.819000,XRPUSD,Buy,1044.27402111,2.21819,market,other,3,partial_fill,585.8896839999998,0.0,2025-04-22 23:55:35.843294,XRPUSD,2.21719,912.2083,326.31861600000025
415033013,2025-04-22 23:55:47.421000,XRPUSD,Buy,0.062,2.21804,market,other,1,fill,0.062,0.0,2025-04-22 23:55:47.503060,XRPUSD,2.21728,417.9695,417.90749999999997
415033386,2025-04-22 23:58:01.057000,XRPUSD,Buy,49.763604,2.2145,market,other,1,fill,49.763604,0.0,2025-04-22 23:58:01.014337,XRPUSD,2.21338,1309.0446,1259.280996
415033621,2025-04-22 23:59:54.672000,XRPUSD,Buy,298.0,2.21404,market,other,1,fill,298.0,0.0,2025-04-22 23:59:54.510223,XRPUSD,2.21323,877.8439,579.8439
415033785,2025-04-23 00:00:38.224000,XRPUSD,Buy,3375.47925464,2.22202,market,other,1,partial_fill,223.4243,3152.05495464,2025-04-23 00:00:38.115793,XRPUSD,2.22126,223.4243,0.0
415033785,2025-04-23 00:00:38.224000,XRPUSD,Buy,3375.47925464,2.22202,market,other,2,partial_fill,1131.8928,2020.1621546399997,2025-04-23 00:00:38.013516,XRPUSD,2.22126,1131.8928,0.0
415033785,2025-04-23 00:00:38.224000,XRPUSD,Buy,3375.47925464,2.22202,market,other,3,partial_fill,1187.4137,832.7484546399996,2025-04-23 00:00:37.759106,XRPUSD,2.22126,1187.4137,0.0
415033785,2025-04-23 00:00:38.224000,XRPUSD,Buy,3375.47925464,2.22202,market,other,4,partial_fill,832.7484546399996,0.0,2025-04-23 00:00:37.381757,XRPUSD,2.22099,1819.8464,987.0979453600003
415033786,2025-04-23 00:00:38.224000,XRPUSD,Buy,2600.97967039,2.22206,market,other,1,partial_fill,987.0979453600003,1613.8817250299999,2025-04-23 00:00:37.381757,XRPUSD,2.22099,1819.8464,0.0
415033786,2025-04-23 00:00:38.224000,XRPUSD,Buy,2600.97967039,2.22206,market,other,2,partial_fill,1613.8817250299999,0.0,2025-04-23 00:00:37.273105,XRPUSD,2.22099,1819.8464,205.96467497000003
415033787,2025-04-23 00:00:38.408000,XRPUSD,Buy,607.5,2.22206,market,other,1,partial_fill,223.4243,384.0757,2025-04-23 00:00:38.496221,XRPUSD,2.22126,223.4243,0.0
415033787,2025-04-23 00:00:38.408000,XRPUSD,Buy,607.5,2.22206,market,other,2,partial_fill,205.96467497000003,178.11102502999995,2025-04-23 00:00:37.273105,XRPUSD,2.22099,1819.8464,0.0
415033787,2025-04-23 00:00:38.408000,XRPUSD,Buy,607.5,2.22206,market,other,3,partial_fill,178.11102502999995,0.0,2025-04-23 00:00:36.991617,XRPUSD,2.22099,1331.7383,1153.6272749700001
415033788,2025-04-23 00:00:38.441000,XRPUSD,Buy,1800.0,2.22206,market,other,1,partial_fill,1153.6272749700001,646.3727250299999,2025-04-23 00:00:36.991617,XRPUSD,2.22099,1331.7383,0.0
415033788,2025-04-23 00:00:38.441000,XRPUSD,Buy,1800.0,2.22206,market,other,2,partial_fill,646.3727250299999,0.0,2025-04-23 00:00:36.606021,XRPUSD,2.22099,1659.905,1013.5322749700001
415033789,2025-04-23 00:00:38.444000,XRPUSD,Buy,395.78032961,2.22206,market,other,1,fill,395.78032961,0.0,2025-04-23 00:00:36.606021,XRPUSD,2.22099,1659.905,617.75194536
415034343,2025-04-23 00:03:19.466000,XRPUSD,Buy,224.32086857,2.22652,market,other,1,fill,224.32086857,0.0,2025-04-23 00:03:19.496575,XRPUSD,2.22524,1124.9889,900.66803143
415034402,2025-04-23 00:03:37.003000,XRPUSD,Buy,5.0,2.22357,market,other,1,fill,5.0,0.0,2025-04-23 00:03:37.003337,XRPUSD,2.22238,1087.933,1082.933
415034515,2025-04-23 00:04:17.711000,XRPUSD,Buy,6.0,2.2216,market,other,1,fill,6.0,0.0,2025-04-23 00:04:17.766999,XRPUSD,2.22054,362.887,356.887
415034548,2025-04-23 00:04:27.097000,XRPUSD,Buy,44.0,2.22166,market,other,1,fill,44.0,0.0,2025-04-23 00:04:27.002985,XRPUSD,2.2206,112.5,68.5
415034694,2025-04-23 00:05:15.704000,XRPUSD,Buy,30.0,2.21897,market,other,1,fill,30.0,0.0,2025-04-23 00:05:15.612145,XRPUSD,2.21789,395.7763,365.7763
415034762,2025-04-23 00:05:45.968000,XRPUSD,Buy,6.525644,2.21836,market,other,1,fill,6.525644,0.0,2025-04-23 00:05:45.905516,XRPUSD,2.21783,362.887,356.361356
415034939,2025-04-23 00:06:36.575000,XRPUSD,Buy,22.084,2.22289,market,other,1,fill,22.084,0.0,2025-04-23 00:06:36.598344,XRPUSD,2.22183,355.29600000000005,333.21200000000005
415034963,2025-04-23 00:06:42.574000,XRPUSD,Buy,61.911,2.22075,market,other,1,fill,61.911,0.0,2025-04-23 00:06:42.508390,XRPUSD,2.21942,1370.3341,1308.4231
415034988,2025-04-23 00:06:54.110000,XRPUSD,Buy,4.467,2.21848,market,other,1,fill,4.467,0.0,2025-04-23 00:06:53.872021,XRPUSD,2.21741,318.033,313.56600000000003
415035008,2025-04-23 00:07:01.259000,XRPUSD,Buy,176.74743289,2.22059,market,other,1,fill,176.74743289,0.0,2025-04-23 00:07:01.155126,XRPUSD,2.2191,841.3644000000002,664.6169671100001
415035013,2025-04-23 00:07:03.763000,XRPUSD,Buy,4.467,2.21934,market,other,1,fill,4.467,0.0,2025-04-23 00:07:03.752717,XRPUSD,2.21866,318.033,313.56600000000003
415035029,2025-04-23 00:07:11.281000,XRPUSD,Buy,4.466,2.21963,market,other,1,fill,4.466,0.0,2025-04-23 00:07:11.279015,XRPUSD,2.21835,1607.534,1603.0680000000002
415035050,2025-04-23 00:07:21.358000,XRPUSD,Buy,4.469,2.21892,market,other,1,fill,4.469,0.0,2025-04-23 00:07:21.250581,XRPUSD,2.21774,268.2473,263.7783
415035082,2025-04-23 00:07:30.183000,XRPUSD,Buy,4.468,2.21862,market,other,1,fill,4.468,0.0,2025-04-23 00:07:30.111256,XRPUSD,2.2173,112.60000000000002,108.13200000000002
415035108,2025-04-23 00:07:37.774000,XRPUSD,Buy,4.469,2.21855,market,other,1,fill,4.469,0.0,2025-04-23 00:07:37.752797,XRPUSD,2.21704,1450.82,1446.3509999999999
415035129,2025-04-23 00:07:45.081000,XRPUSD,Buy,4.465,2.2198,market,other,1,fill,4.465,0.0,2025-04-23 00:07:45.117996,XRPUSD,2.21865,362.887,358.422
415035255,2025-04-23 00:08:31.355000,XRPUSD,Buy,61.92,2.22322,market,other,1,fill,61.92,0.0,2025-04-23 00:08:31.495412,XRPUSD,2.22205,824.0403,762.1203
415035486,2025-04-23 00:09:55.737000,XRPUSD,Buy,99.839,2.2174,market,other,1,fill,99.839,0.0,2025-04-23 00:09:55.612372,XRPUSD,2.2159,225.6,125.761
415035541,2025-04-23 00:10:18.152000,XRPUSD,Buy,0.04,2.21802,market,other,1,fill,0.04,0.0,2025-04-23 00:10:18.234425,XRPUSD,2.2168,225.5,225.46
415035711,2025-04-23 00:11:24.663000,XRPUSD,Buy,175.37478828,2.21791,market,other,1,fill,175.37478828,0.0,2025-04-23 00:11:24.613495,XRPUSD,2.2166,225.5,50.12521172000001
415035771,2025-04-23 00:11:53.585000,XRPUSD,Buy,401.163,2.21752,market,other,1,partial_fill,225.5,175.663,2025-04-23 00:11:53.362624,XRPUSD,2.2169,225.5,0.0
415035771,2025-04-23 00:11:53.585000,XRPUSD,Buy,401.163,2.21752,market,other,2,partial_fill,175.663,0.0,2025-04-23 00:11:53.110738,XRPUSD,2.2169,225.5,49.83699999999999
415035772,2025-04-23 00:11:53.586000,XRPUSD,Buy,607.5,2.21752,market,other,1,partial_fill,23.2834,584.2166,2025-04-23 00:11:53.757894,XRPUSD,2.21643,23.2834,0.0
415035772,2025-04-23 00:11:53.586000,XRPUSD,Buy,607.5,2.21752,market,other,2,partial_fill,49.83699999999999,534.3796,2025-04-23 00:11:53.110738,XRPUSD,2.2169,225.5,0.0
415035772,2025-04-23 00:11:53.586000,XRPUSD,Buy,607.5,2.21752,market,other,3,partial_fill,225.5,308.8796,2025-04-23 00:11:53.011104,XRPUSD,2.2169,225.5,0.0
415035772,2025-04-23 00:11:53.586000,XRPUSD,Buy,607.5,2.21752,market,other,4,partial_fill,225.5,83.37959999999998,2025-04-23 00:11:52.749294,XRPUSD,2.2169,225.5,0.0
415035772,2025-04-23 00:11:53.586000,XRPUSD,Buy,607.5,2.21752,market,other,5,partial_fill,83.37959999999998,0.0,2025-04-23 00:11:52.450020,XRPUSD,2.21671,364.6508,281.2712
415035773,2025-04-23 00:11:53.586000,XRPUSD,Buy,607.5,2.21752,market,other,1,partial_fill,281.2712,326.2288,2025-04-23 00:11:52.450020,XRPUSD,2.21671,364.6508,0.0
415035773,2025-04-23 00:11:53.586000,XRPUSD,Buy,607.5,2.21752,market,other,2,partial_fill,326.2288,0.0,2025-04-23 00:11:52.312437,XRPUSD,2.21671,364.6508,38.422000000000025
415035974,2025-04-23 00:13:29.961000,XRPUSD,Buy,11.278,2.22154,market,other,1,fill,11.278,0.0,2025-04-23 00:13:30.013125,XRPUSD,2.22037,559.01649,547.73849
415036031,2025-04-23 00:13:56.915000,XRPUSD,Buy,40.814251,2.22111,market,other,1,fill,40.814251,0.0,2025-04-23 00:13:57.000709,XRPUSD,2.22013,1299.4408,1258.626549
415036058,2025-04-23 00:14:07.501000,XRPUSD,Buy,397.95914762,2.22073,market,other,1,fill,397.95914762,0.0,2025-04-23 00:14:07.484399,XRPUSD,2.21977,400.0,2.04085237999999
415036081,2025-04-23 00:14:13.005000,XRPUSD,Buy,518.8449879,2.22081,market,other,1,partial_fill,428.0617,90.7832879,2025-04-23 00:14:13.000941,XRPUSD,2.21977,428.0617,0.0
415036081,2025-04-23 00:14:13.005000,XRPUSD,Buy,518.8449879,2.22081,market,other,2,partial_fill,90.7832879,0.0,2025-04-23 00:14:12.670057,XRPUSD,2.21977,428.0617,337.27841209999997
415036201,2025-04-23 00:15:07.929000,XRPUSD,Buy,922.50000007,2.2195,market,other,1,partial_fill,822.6631,99.83690007000007,2025-04-23 00:15:07.890962,XRPUSD,2.21847,822.6631,0.0
415036201,2025-04-23 00:15:07.929000,XRPUSD,Buy,922.50000007,2.2195,market,other,2,partial_fill,99.83690007000007,0.0,2025-04-23 00:15:07.636860,XRPUSD,2.21847,822.6631,722.8261999299999
415036265,2025-04-23 00:15:23.416000,XRPUSD,Buy,1760.0,2.21973,market,other,1,partial_fill,362.887,1397.113,2025-04-23 00:15:23.503922,XRPUSD,2.21864,362.887,0.0
415036265,2025-04-23 00:15:23.416000,XRPUSD,Buy,1760.0,2.21973,market,other,2,partial_fill,362.887,1034.226,2025-04-23 00:15:23.102697,XRPUSD,2.21864,362.887,0.0
415036265,2025-04-23 00:15:23.416000,XRPUSD,Buy,1760.0,2.21973,market,other,3,partial_fill,387.5436,646.6824000000001,2025-04-23 00:15:22.856251,XRPUSD,2.21864,387.5436,0.0
415036265,2025-04-23 00:15:23.416000,XRPUSD,Buy,1760.0,2.21973,market,other,4,partial_fill,646.6824000000001,0.0,2025-04-23 00:15:22.755460,XRPUSD,2.21864,787.5436,140.86119999999983
415036321,2025-04-23 00:15:34.431000,XRPUSD,Buy,3378.31273241,2.22093,market,other,1,partial_fill,1655.7374,1722.57533241,2025-04-23 00:15:34.142171,XRPUSD,2.21972,1655.7374,0.0
415036321,2025-04-23 00:15:34.431000,XRPUSD,Buy,3378.31273241,2.22093,market,other,2,partial_fill,337.7,1384.87533241,2025-04-23 00:15:34.040849,XRPUSD,2.2193,337.7,0.0
415036321,2025-04-23 00:15:34.431000,XRPUSD,Buy,3378.31273241,2.22093,market,other,3,partial_fill,337.7,1047.17533241,2025-04-23 00:15:33.797386,XRPUSD,2.2193,337.7,0.0
415036321,2025-04-23 00:15:34.431000,XRPUSD,Buy,3378.31273241,2.22093,market,other,4,partial_fill,16.8,1030.37533241,2025-04-23 00:15:33.538133,XRPUSD,2.2194,16.8,0.0
415036321,2025-04-23 00:15:34.431000,XRPUSD,Buy,3378.31273241,2.22093,market,other,5,partial_fill,16.8,1013.5753324100001,2025-04-23 00:15:33.263613,XRPUSD,2.2194,16.8,0.0
415036321,2025-04-23 00:15:34.431000,XRPUSD,Buy,3378.31273241,2.22093,market,other,6,partial_fill,225.2,788.37533241,2025-04-23 00:15:33.145618,XRPUSD,2.2194,225.2,0.0
415036321,2025-04-23 00:15:34.431000,XRPUSD,Buy,3378.31273241,2.22093,market,other,7,partial_fill,225.2,563.17533241,2025-04-23 00:15:32.945060,XRPUSD,2.2195,225.2,0.0
415036321,2025-04-23 00:15:34.431000,XRPUSD,Buy,3378.31273241,2.22093,market,other,8,partial_fill,225.2,337.97533241,2025-04-23 00:15:32.816930,XRPUSD,2.2195,225.2,0.0
415036321,2025-04-23 00:15:34.431000,XRPUSD,Buy,3378.31273241,2.22093,market,other,9,partial_fill,225.2,112.77533241000003,2025-04-23 00:15:32.467458,XRPUSD,2.2195,225.2,0.0
415036321,2025-04-23 00:15:34.431000,XRPUSD,Buy,3378.31273241,2.22093,market,other,10,partial_fill,24.2129,88.56243241000003,2025-04-23 00:15:32.186337,XRPUSD,2.21939,24.2129,0.0
415036321,2025-04-23 00:15:34.431000,XRPUSD,Buy,3378.31273241,2.22093,market,other,11,partial_fill,24.2129,64.34953241000002,2025-04-23 00:15:31.617265,XRPUSD,2.21939,24.2129,0.0
415036321,2025-04-23 00:15:34.431000,XRPUSD,Buy,3378.31273241,2.22093,market,other,12,partial_fill,64.34953241000002,0.0,2025-04-23 00:15:31.505249,XRPUSD,2.21877,647.2516,582.90206759
415036322,2025-04-23 00:15:34.431000,XRPUSD,Buy,110.692888,2.22094,market,other,1,fill,110.692888,0.0,2025-04-23 00:15:31.505249,XRPUSD,2.21877,647.2516,472.20917959
415036510,2025-04-23 00:16:25.350000,XRPUSD,Buy,200.0,2.22401,market,other,1,fill,200.0,0.0,2025-04-23 00:16:25.237449,XRPUSD,2.2229,680.92,480.91999999999996
415036528,2025-04-23 00:16:26.679000,XRPUSD,Buy,620.8,2.22554,market,other,1,fill,620.8,0.0,2025-04-23 00:16:26.646067,XRPUSD,2.22469,680.92,60.120000000000005
415036585,2025-04-23 00:16:45.322000,XRPUSD,Buy,620.3,2.22531,market,other,1,fill,620.3,0.0,2025-04-23 00:16:45.356276,XRPUSD,2.22413,1353.6008,733.3008
415036599,2025-04-23 00:16:54.867000,XRPUSD,Buy,4797.47802374,2.22631,market,other,1,partial_fill,392.165,4405.31302374,2025-04-23 00:16:54.851494,XRPUSD,2.22452,392.165,0.0
415036599,2025-04-23 00:16:54.867000,XRPUSD,Buy,4797.47802374,2.22631,market,other,2,partial_fill,392.165,4013.14802374,2025-04-23 00:16:54.738474,XRPUSD,2.22452,392.165,0.0
415036599,2025-04-23 00:16:54.867000,XRPUSD,Buy,4797.47802374,2.22631,market,other,3,partial_fill,915.2266,3097.92142374,2025-04-23 00:16:54.402143,XRPUSD,2.22452,915.2266,0.0
415036599,2025-04-23 00:16:54.867000,XRPUSD,Buy,4797.47802374,2.22631,market,other,4,partial_fill,273.464,2824.45742374,2025-04-23 00:16:54.134614,XRPUSD,2.22452,273.464,0.0
415036599,2025-04-23 00:16:54.867000,XRPUSD,Buy,4797.47802374,2.22631,market,other,5,partial_fill,1372.8233,1451.6341237400002,2025-04-23 00:16:54.017764,XRPUSD,2.22452,1372.8233,0.0
415036599,2025-04-23 00:16:54.867000,XRPUSD,Buy,4797.47802374,2.22631,market,other,6,partial_fill,174.8242,1276.8099237400002,2025-04-23 00:16:53.721265,XRPUSD,2.22452,174.8242,0.0
415036599,2025-04-23 00:16:54.867000,XRPUSD,Buy,4797.47802374,2.22631,market,other,7,partial_fill,404.9444,871.8655237400002,2025-04-23 00:16:53.379098,XRPUSD,2.22464,404.9444,0.0
415036599,2025-04-23 00:16:54.867000,XRPUSD,Buy,4797.47802374,2.22631,market,other,8,partial_fill,10.0077,861.8578237400002,2025-04-23 00:16:53.250873,XRPUSD,2.22458,10.0077,0.0
415036599,2025-04-23 00:16:54.867000,XRPUSD,Buy,4797.47802374,2.22631,market,other,9,partial_fill,224.7,637.1578237400001,2025-04-23 00:16:52.999289,XRPUSD,2.2249,224.7,0.0
415036599,2025-04-23 00:16:54.867000,XRPUSD,Buy,4797.47802374,2.22631,market,other,10,partial_fill,242.6947,394.4631237400001,2025-04-23 00:16:52.600804,XRPUSD,2.22503,242.6947,0.0
415036599,2025-04-23 00:16:54.867000,XRPUSD,Buy,4797.47802374,2.22631,market,other,11,partial_fill,394.4631237400001,0.0,2025-04-23 00:16:52.482555,XRPUSD,2.22481,803.7728,409.30967625999983
415036606,2025-04-23 00:17:00.302000,XRPUSD,Buy,11.81595,2.22846,market,other,1,fill,11.81595,0.0,2025-04-23 00:17:00.240002,XRPUSD,2.2268,224.5,212.68405
415036607,2025-04-23 00:17:00.302000,XRPUSD,Buy,4187.0,2.22876,market,other,1,partial_fill,212.68405,3974.31595,2025-04-23 00:17:00.240002,XRPUSD,2.2268,224.5,0.0
415036607,2025-04-23 00:17:00.302000,XRPUSD,Buy,4187.0,2.22876,market,other,2,partial_fill,224.5,3749.81595,2025-04-23 00:16:59.847479,XRPUSD,2.2268,224.5,0.0
415036607,2025-04-23 00:17:00.302000,XRPUSD,Buy,4187.0,2.22876,market,other,3,partial_fill,224.5,3525.31595,2025-04-23 00:16:59.599223,XRPUSD,2.2268,224.5,0.0
415036607,2025-04-23 00:17:00.302000,XRPUSD,Buy,4187.0,2.22876,market,other,4,partial_fill,224.5,3300.81595,2025-04-23 00:16:59.483399,XRPUSD,2.2268,224.5,0.0
415036607,2025-04-23 00:17:00.302000,XRPUSD,Buy,4187.0,2.22876,market,other,5,partial_fill,224.5,3076.31595,2025-04-23 00:16:59.117251,XRPUSD,2.2268,224.5,0.0
415036607,2025-04-23 00:17:00.302000,XRPUSD,Buy,4187.0,2.22876,market,other,6,partial_fill,224.5,2851.81595,2025-04-23 00:16:58.860713,XRPUSD,2.2268,224.5,0.0
415036607,2025-04-23 00:17:00.302000,XRPUSD,Buy,4187.0,2.22876,market,other,7,partial_fill,224.5,2627.31595,2025-04-23 00:16:58.755183,XRPUSD,2.2268,224.5,0.0
415036607,2025-04-23 00:17:00.302000,XRPUSD,Buy,4187.0,2.22876,market,other,8,partial_fill,224.5,2402.81595,2025-04-23 00:16:58.481165,XRPUSD,2.2267,224.5,0.0
415036607,2025-04-23 00:17:00.302000,XRPUSD,Buy,4187.0,2.22876,market,other,9,partial_fill,224.5,2178.31595,2025-04-23 00:16:58.142629,XRPUSD,2.2267,224.5,0.0
415036607,2025-04-23 00:17:00.302000,XRPUSD,Buy,4187.0,2.22876,market,other,10,partial_fill,224.5,1953.8159500000002,2025-04-23 00:16:58.029699,XRPUSD,2.2267,224.5,0.0
415036607,2025-04-23 00:17:00.302000,XRPUSD,Buy,4187.0,2.22876,market,other,11,partial_fill,224.5,1729.3159500000002,2025-04-23 00:16:57.759726,XRPUSD,2.2268,224.5,0.0
415036607,2025-04-23 00:17:00.302000,XRPUSD,Buy,4187.0,2.22876,market,other,12,partial_fill,224.5,1504.8159500000002,2025-04-23 00:16:57.375165,XRPUSD,2.2268,224.5,0.0
415036607,2025-04-23 00:17:00.302000,XRPUSD,Buy,4187.0,2.22876,market,other,13,partial_fill,224.5,1280.3159500000002,2025-04-23 00:16:57.262495,XRPUSD,2.2268,224.5,0.0
415036607,2025-04-23 00:17:00.302000,XRPUSD,Buy,4187.0,2.22876,market,other,14,partial_fill,224.5,1055.8159500000002,2025-04-23 00:16:57.004203,XRPUSD,2.2268,224.5,0.0
415036607,2025-04-23 00:17:00.302000,XRPUSD,Buy,4187.0,2.22876,market,other,15,partial_fill,224.5,831.3159500000002,2025-04-23 00:16:56.608236,XRPUSD,2.2268,224.5,0.0
415036607,2025-04-23 00:17:00.302000,XRPUSD,Buy,4187.0,2.22876,market,other,16,partial_fill,831.3159500000002,0.0,2025-04-23 00:16:56.506444,XRPUSD,2.22662,1412.0374,580.7214499999998
415036612,2025-04-23 00:17:00.304000,XRPUSD,Buy,2063.61958636,2.22917,market,other,1,partial_fill,580.7214499999998,1482.8981363600003,2025-04-23 00:16:56.506444,XRPUSD,2.22662,1412.0374,0.0
415036612,2025-04-23 00:17:00.304000,XRPUSD,Buy,2063.61958636,2.22917,market,other,2,partial_fill,1412.0374,70.86073636000037,2025-04-23 00:16:56.254399,XRPUSD,2.22662,1412.0374,0.0
415036612,2025-04-23 00:17:00.304000,XRPUSD,Buy,2063.61958636,2.22917,market,other,3,partial_fill,70.86073636000037,0.0,2025-04-23 00:16:55.858775,XRPUSD,2.22649,1373.1737,1302.3129636399997
415036614,2025-04-23 00:17:00.822000,XRPUSD,Buy,8.858,2.22912,market,other,1,fill,8.858,0.0,2025-04-23 00:17:00.631499,XRPUSD,2.2268,224.5,215.642
415036617,2025-04-23 00:17:03.120000,XRPUSD,Buy,6000.0,2.22895,market,other,1,partial_fill,483.9978,5516.0022,2025-04-23 00:17:02.852411,XRPUSD,2.22801,483.9978,0.0
415036617,2025-04-23 00:17:03.120000,XRPUSD,Buy,6000.0,2.22895,market,other,2,partial_fill,1428.2469,4087.7553,2025-04-23 00:17:02.744958,XRPUSD,2.2276,1428.2469,0.0
415036617,2025-04-23 00:17:03.120000,XRPUSD,Buy,6000.0,2.22895,market,other,3,partial_fill,400.0,3687.7553,2025-04-23 00:17:02.480562,XRPUSD,2.2276,400.0,0.0
415036617,2025-04-23 00:17:03.120000,XRPUSD,Buy,6000.0,2.22895,market,other,4,partial_fill,400.0,3287.7553,2025-04-23 00:17:02.115759,XRPUSD,2.2276,400.0,0.0
415036617,2025-04-23 00:17:03.120000,XRPUSD,Buy,6000.0,2.22895,market,other,5,partial_fill,400.0,2887.7553,2025-04-23 00:17:01.997194,XRPUSD,2.2278,400.0,0.0
415036617,2025-04-23 00:17:03.120000,XRPUSD,Buy,6000.0,2.22895,market,other,6,partial_fill,611.82809,2275.92721,2025-04-23 00:17:01.739223,XRPUSD,2.228,611.82809,0.0
415036617,2025-04-23 00:17:03.120000,XRPUSD,Buy,6000.0,2.22895,market,other,7,partial_fill,1202.9133,1073.01391,2025-04-23 00:17:01.352305,XRPUSD,2.22775,1202.9133,0.0
415036617,2025-04-23 00:17:03.120000,XRPUSD,Buy,6000.0,2.22895,market,other,8,partial_fill,1073.01391,0.0,2025-04-23 00:17:01.248074,XRPUSD,2.22775,1202.9133,129.89939000000004
415036846,2025-04-23 00:17:51.073000,XRPUSD,Buy,200.0,2.23003,market,other,1,fill,200.0,0.0,2025-04-23 00:17:51.034418,XRPUSD,2.22883,1061.0805,861.0805
415036852,2025-04-23 00:17:59.224000,XRPUSD,Buy,200.0,2.23078,market,other,1,fill,200.0,0.0,2025-04-23 00:17:59.132774,XRPUSD,2.2297,224.2,24.19999999999999
415036875,2025-04-23 00:18:04.672000,XRPUSD,Buy,200.0,2.23205,market,other,1,fill,200.0,0.0,2025-04-23 00:18:04.637361,XRPUSD,2.2308,224.1,24.099999999999994
415036930,2025-04-23 00:18:22.613000,XRPUSD,Buy,8.893,2.22982,market,other,1,fill,8.893,0.0,2025-04-23 00:18:22.504366,XRPUSD,2.22881,410.8444,401.95140000000004
415036965,2025-04-23 00:18:34.384000,XRPUSD,Buy,42.936,2.22952,market,other,1,fill,42.936,0.0,2025-04-23 00:18:34.493833,XRPUSD,2.2281,362.887,319.951
415037111,2025-04-23 00:19:26.450000,XRPUSD,Buy,11.9685,2.23018,market,other,1,fill,11.9685,0.0,2025-04-23 00:19:26.503856,XRPUSD,2.2293,224.2,212.23149999999998
415037131,2025-04-23 00:19:34.257000,XRPUSD,Buy,2000.0,2.22988,market,other,1,partial_fill,234.9247,1765.0753,2025-04-23 00:19:34.247642,XRPUSD,2.22868,234.9247,0.0
415037131,2025-04-23 00:19:34.257000,XRPUSD,Buy,2000.0,2.22988,market,other,2,partial_fill,234.9247,1530.1506,2025-04-23 00:19:34.346697,XRPUSD,2.22868,234.9247,0.0
415037131,2025-04-23 00:19:34.257000,XRPUSD,Buy,2000.0,2.22988,market,other,3,partial_fill,112.1,1418.0506,2025-04-23 00:19:33.855067,XRPUSD,2.2288,112.1,0.0
415037131,2025-04-23 00:19:34.257000,XRPUSD,Buy,2000.0,2.22988,market,other,4,partial_fill,112.1,1305.9506000000001,2025-04-23 00:19:33.611767,XRPUSD,2.2288,112.1,0.0
415037131,2025-04-23 00:19:34.257000,XRPUSD,Buy,2000.0,2.22988,market,other,5,partial_fill,336.4,969.5506000000001,2025-04-23 00:19:33.479571,XRPUSD,2.2288,336.4,0.0
415037131,2025-04-23 00:19:34.257000,XRPUSD,Buy,2000.0,2.22988,market,other,6,partial_fill,336.4,633.1506000000002,2025-04-23 00:19:33.226176,XRPUSD,2.2288,336.4,0.0
415037131,2025-04-23 00:19:34.257000,XRPUSD,Buy,2000.0,2.22988,market,other,7,partial_fill,336.4,296.7506000000002,2025-04-23 00:19:32.972968,XRPUSD,2.2288,336.4,0.0
415037131,2025-04-23 00:19:34.257000,XRPUSD,Buy,2000.0,2.22988,market,other,8,partial_fill,224.3,72.45060000000018,2025-04-23 00:19:32.859387,XRPUSD,2.2289,224.3,0.0
415037131,2025-04-23 00:19:34.257000,XRPUSD,Buy,2000.0,2.22988,market,other,9,partial_fill,72.45060000000018,0.0,2025-04-23 00:19:32.604748,XRPUSD,2.2289,224.3,151.84939999999983
415037199,2025-04-23 00:19:59.929000,XRPUSD,Buy,11.132,2.22602,market,other,1,fill,11.132,0.0,2025-04-23 00:19:59.881415,XRPUSD,2.2251,224.7,213.56799999999998
415037226,2025-04-23 00:20:04.004000,XRPUSD,Buy,0.5,2.22582,market,other,1,fill,0.5,0.0,2025-04-23 00:20:03.876473,XRPUSD,2.2249,22.1,21.6
415037257,2025-04-23 00:20:15.520000,XRPUSD,Buy,11.315,2.2273,market,other,1,fill,11.315,0.0,2025-04-23 00:20:15.506112,XRPUSD,2.2263,224.5,213.185
415037262,2025-04-23 00:20:18.161000,XRPUSD,Buy,2.0,2.22708,market,other,1,fill,2.0,0.0,2025-04-23 00:20:18.122525,XRPUSD,2.22588,705.3347,703.3347
415037439,2025-04-23 00:21:15.637000,XRPUSD,Buy,45.0,2.23133,market,other,1,fill,45.0,0.0,2025-04-23 00:21:15.748699,XRPUSD,2.2302,336.1,291.1
415037448,2025-04-23 00:21:21.200000,XRPUSD,Buy,2000.0,2.23189,market,other,1,partial_fill,700.3115,1299.6885,2025-04-23 00:21:21.281090,XRPUSD,2.23103,700.3115,0.0
415037448,2025-04-23 00:21:21.200000,XRPUSD,Buy,2000.0,2.23189,market,other,2,partial_fill,1195.3115,104.37699999999995,2025-04-23 00:21:21.009414,XRPUSD,2.23103,1195.3115,0.0
415037448,2025-04-23 00:21:21.200000,XRPUSD,Buy,2000.0,2.23189,market,other,3,partial_fill,104.37699999999995,0.0,2025-04-23 00:21:20.663632,XRPUSD,2.23103,700.3115,595.9345000000001
415037483,2025-04-23 00:21:32.231000,XRPUSD,Buy,23.99471281,2.2323,market,other,1,fill,23.99471281,0.0,2025-04-23 00:21:32.253473,XRPUSD,2.23127,1483.4226,1459.42788719
415037563,2025-04-23 00:21:54.442000,XRPUSD,Buy,10.54145697,2.23357,market,other,1,fill,10.54145697,0.0,2025-04-23 00:21:54.506588,XRPUSD,2.23242,672.4904,661.94894303
415037597,2025-04-23 00:21:59.751000,XRPUSD,Buy,1.665,2.23357,market,other,1,fill,1.665,0.0,2025-04-23 00:21:59.672145,XRPUSD,2.23248,204.8615,203.19650000000001
415037617,2025-04-23 00:22:03.890000,XRPUSD,Buy,2.0,2.23312,market,other,1,fill,2.0,0.0,2025-04-23 00:22:03.611415,XRPUSD,2.23241,221.2971,219.2971
415037619,2025-04-23 00:22:05.556000,XRPUSD,Buy,469.30276297,2.23283,market,other,1,partial_fill,362.787,106.51576297000003,2025-04-23 00:22:05.354545,XRPUSD,2.23182,362.787,0.0
415037619,2025-04-23 00:22:05.556000,XRPUSD,Buy,469.30276297,2.23283,market,other,2,partial_fill,106.51576297000003,0.0,2025-04-23 00:22:05.116499,XRPUSD,2.23182,362.787,256.27123702999995
415037677,2025-04-23 00:22:24.937000,XRPUSD,Buy,26.88774367,2.2315,market,other,1,fill,26.88774367,0.0,2025-04-23 00:22:25.003274,XRPUSD,2.23046,979.2088,952.32105633
415037744,2025-04-23 00:22:52.272000,XRPUSD,Buy,220.055,2.2304,market,other,1,partial_fill,148.1013,71.9537,2025-04-23 00:22:52.111733,XRPUSD,2.22921,148.1013,0.0
415037744,2025-04-23 00:22:52.272000,XRPUSD,Buy,220.055,2.2304,market,other,2,partial_fill,71.9537,0.0,2025-04-23 00:22:51.863594,XRPUSD,2.22936,123.4555,51.5018
415037751,2025-04-23 00:22:57.487000,XRPUSD,Buy,617.1,2.23055,market,other,1,partial_fill,224.2,392.90000000000003,2025-04-23 00:22:57.614465,XRPUSD,2.2297,224.2,0.0
415037751,2025-04-23 00:22:57.487000,XRPUSD,Buy,617.1,2.23055,market,other,2,partial_fill,224.2,168.70000000000005,2025-04-23 00:22:57.352048,XRPUSD,2.2297,224.2,0.0
415037751,2025-04-23 00:22:57.487000,XRPUSD,Buy,617.1,2.23055,market,other,3,partial_fill,168.70000000000005,0.0,2025-04-23 00:22:57.246061,XRPUSD,2.2297,224.2,55.49999999999994
415037765,2025-04-23 00:23:02.569000,XRPUSD,Buy,24.771,2.23093,market,other,1,fill,24.771,0.0,2025-04-23 00:23:02.392176,XRPUSD,2.22965,1240.7383,1215.9673
415037767,2025-04-23 00:23:04.074000,XRPUSD,Buy,22.27,2.23044,market,other,1,fill,22.27,0.0,2025-04-23 00:23:03.849876,XRPUSD,2.22933,123.4555,101.1855
415037798,2025-04-23 00:23:11.328000,XRPUSD,Buy,616.5,2.23032,market,other,1,partial_fill,456.4731,160.0269,2025-04-23 00:23:11.133101,XRPUSD,2.22895,456.4731,0.0
415037798,2025-04-23 00:23:11.328000,XRPUSD,Buy,616.5,2.23032,market,other,2,partial_fill,160.0269,0.0,2025-04-23 00:23:10.876441,XRPUSD,2.22895,443.0139,282.98699999999997
415037817,2025-04-23 00:23:17.795000,XRPUSD,Buy,1556.145,2.2305,market,other,1,partial_fill,371.8015,1184.3435,2025-04-23 00:23:17.749332,XRPUSD,2.2293,371.8015,0.0
415037817,2025-04-23 00:23:17.795000,XRPUSD,Buy,1556.145,2.2305,market,other,2,partial_fill,341.1301,843.2133999999999,2025-04-23 00:23:17.394464,XRPUSD,2.22969,341.1301,0.0
415037817,2025-04-23 00:23:17.795000,XRPUSD,Buy,1556.145,2.2305,market,other,3,partial_fill,341.1301,502.08329999999984,2025-04-23 00:23:17.293506,XRPUSD,2.22969,341.1301,0.0
415037817,2025-04-23 00:23:17.795000,XRPUSD,Buy,1556.145,2.2305,market,other,4,partial_fill,495.0,7.083299999999838,2025-04-23 00:23:17.034829,XRPUSD,2.23004,495.0,0.0
415037817,2025-04-23 00:23:17.795000,XRPUSD,Buy,1556.145,2.2305,market,other,5,partial_fill,7.083299999999838,0.0,2025-04-23 00:23:16.637365,XRPUSD,2.22922,385.0,377.91670000000016
415037825,2025-04-23 00:23:24.883000,XRPUSD,Buy,42.30927095,2.23073,market,other,1,fill,42.30927095,0.0,2025-04-23 00:23:24.988805,XRPUSD,2.22968,146.1982,103.88892905000002
415037925,2025-04-23 00:24:03.248000,XRPUSD,Buy,613.9,2.23175,market,other,1,partial_fill,399.2,214.7,2025-04-23 00:24:03.342365,XRPUSD,2.23083,399.2,0.0
415037925,2025-04-23 00:24:03.248000,XRPUSD,Buy,613.9,2.23175,market,other,2,partial_fill,214.7,0.0,2025-04-23 00:24:03.105021,XRPUSD,2.23083,399.2,184.5
415038022,2025-04-23 00:24:31.367000,XRPUSD,Buy,100.0,2.23371,market,other,1,fill,100.0,0.0,2025-04-23 00:24:31.161058,XRPUSD,2.23271,752.4056,652.4056
415038079,2025-04-23 00:24:45.451000,XRPUSD,Buy,607.5,2.2342,market,other,1,partial_fill,371.0368,236.46319999999997,2025-04-23 00:24:45.374800,XRPUSD,2.23305,371.0368,0.0
415038079,2025-04-23 00:24:45.451000,XRPUSD,Buy,607.5,2.2342,market,other,2,partial_fill,236.46319999999997,0.0,2025-04-23 00:24:45.126192,XRPUSD,2.23305,371.0368,134.57360000000006
415038081,2025-04-23 00:24:45.472000,XRPUSD,Buy,607.5,2.23421,market,other,1,partial_fill,134.57360000000006,472.92639999999994,2025-04-23 00:24:45.126192,XRPUSD,2.23305,371.0368,0.0
415038081,2025-04-23 00:24:45.472000,XRPUSD,Buy,607.5,2.23421,market,other,2,partial_fill,371.0368,101.88959999999992,2025-04-23 00:24:44.999071,XRPUSD,2.23305,371.0368,0.0
415038081,2025-04-23 00:24:45.472000,XRPUSD,Buy,607.5,2.23421,market,other,3,partial_fill,101.88959999999992,0.0,2025-04-23 00:24:44.615258,XRPUSD,2.23305,341.4642,239.5746000000001
415038271,2025-04-23 00:25:36.866000,XRPUSD,Buy,2.34,2.22713,market,other,1,fill,2.34,0.0,2025-04-23 00:25:36.845649,XRPUSD,2.22598,317.2016,314.8616
415038321,2025-04-23 00:25:48.464000,XRPUSD,Buy,200.0,2.22776,market,other,1,fill,200.0,0.0,2025-04-23 00:25:48.529049,XRPUSD,2.22699,1694.2765,1494.2765
415038359,2025-04-23 00:26:07.485000,XRPUSD,Buy,407.5,2.2246,market,other,1,fill,407.5,0.0,2025-04-23 00:26:07.500612,XRPUSD,2.22337,2500.0,2092.5
415038508,2025-04-23 00:27:05.915000,XRPUSD,Buy,111.359,2.22653,market,other,1,fill,111.359,0.0,2025-04-23 00:27:05.777960,XRPUSD,2.2255,224.6,113.241
415038530,2025-04-23 00:27:10.865000,XRPUSD,Buy,20.0,2.2243,market,other,1,fill,20.0,0.0,2025-04-23 00:27:10.997447,XRPUSD,2.22311,400.0,380.0
415038550,2025-04-23 00:27:17.534000,XRPUSD,Buy,404.13628944,2.2243,market,other,1,partial_fill,181.4464,222.68988943999997,2025-04-23 00:27:17.499822,XRPUSD,2.2232,181.4464,0.0
415038550,2025-04-23 00:27:17.534000,XRPUSD,Buy,404.13628944,2.2243,market,other,2,partial_fill,222.68988943999997,0.0,2025-04-23 00:27:17.596201,XRPUSD,2.22319,1842.8439,1620.1540105600002
415038551,2025-04-23 00:27:17.534000,XRPUSD,Buy,922.86371056,2.22435,market,other,1,fill,922.86371056,0.0,2025-04-23 00:27:17.596201,XRPUSD,2.22319,1842.8439,697.2903000000002
415038628,2025-04-23 00:27:43.307000,XRPUSD,Buy,221.12062036,2.22123,market,other,1,fill,221.12062036,0.0,2025-04-23 00:27:43.121295,XRPUSD,2.2201,225.2,4.079379639999985
415038760,2025-04-23 00:28:24.417000,XRPUSD,Buy,222.866,2.22397,market,other,1,fill,222.866,0.0,2025-04-23 00:28:24.371722,XRPUSD,2.2229,224.9,2.033999999999992
415038779,2025-04-23 00:28:27.178000,XRPUSD,Buy,15.39672459,2.22382,market,other,1,fill,15.39672459,0.0,2025-04-23 00:28:27.245174,XRPUSD,2.22271,594.5787,579.1819754100001
415038798,2025-04-23 00:28:40.200000,XRPUSD,Buy,88.261,2.22427,market,other,1,fill,88.261,0.0,2025-04-23 00:28:40.106155,XRPUSD,2.22289,217.9212,129.6602
415038838,2025-04-23 00:28:50.173000,XRPUSD,Buy,0.891,2.22427,market,other,1,fill,0.891,0.0,2025-04-23 00:28:50.267380,XRPUSD,2.22279,520.8352,519.9442
415038846,2025-04-23 00:28:53.012000,XRPUSD,Buy,0.445,2.22456,market,other,1,fill,0.445,0.0,2025-04-23 00:28:52.863968,XRPUSD,2.2233,224.8,224.35500000000002
415039108,2025-04-23 00:30:15.862000,XRPUSD,Buy,2251.06587969,2.22117,market,other,1,partial_fill,225.20000000000005,2025.8658796900002,2025-04-23 00:30:15.689607,XRPUSD,2.2198,225.20000000000005,0.0
415039108,2025-04-23 00:30:15.862000,XRPUSD,Buy,2251.06587969,2.22117,market,other,2,partial_fill,741.1106,1284.7552796900002,2025-04-23 00:30:15.411128,XRPUSD,2.21992,741.1106,0.0
415039108,2025-04-23 00:30:15.862000,XRPUSD,Buy,2251.06587969,2.22117,market,other,3,partial_fill,423.0776,861.6776796900001,2025-04-23 00:30:15.306049,XRPUSD,2.21992,423.0776,0.0
415039108,2025-04-23 00:30:15.862000,XRPUSD,Buy,2251.06587969,2.22117,market,other,4,partial_fill,423.0776,438.6000796900001,2025-04-23 00:30:15.032888,XRPUSD,2.21992,423.0776,0.0
415039108,2025-04-23 00:30:15.862000,XRPUSD,Buy,2251.06587969,2.22117,market,other,5,partial_fill,262.24749999999995,176.35257969000014,2025-04-23 00:30:14.611705,XRPUSD,2.22013,262.24749999999995,0.0
415039108,2025-04-23 00:30:15.862000,XRPUSD,Buy,2251.06587969,2.22117,market,other,6,partial_fill,176.35257969000014,0.0,2025-04-23 00:30:14.507383,XRPUSD,2.22024,637.24749,460.89491030999983
415039109,2025-04-23 00:30:15.862000,XRPUSD,Buy,372.0,2.22118,market,other,1,fill,372.0,0.0,2025-04-23 00:30:14.507383,XRPUSD,2.22024,637.24749,88.89491030999983
415039110,2025-04-23 00:30:15.862000,XRPUSD,Buy,200.0,2.22118,market,other,1,partial_fill,88.89491030999983,111.10508969000017,2025-04-23 00:30:14.507383,XRPUSD,2.22024,637.24749,0.0
415039110,2025-04-23 00:30:15.862000,XRPUSD,Buy,200.0,2.22118,market,other,2,partial_fill,111.10508969000017,0.0,2025-04-23 00:30:14.254559,XRPUSD,2.22024,637.24749,526.1424003099999
415039189,2025-04-23 00:30:59.581000,XRPUSD,Buy,90.548,2.22029,market,other,1,fill,90.548,0.0,2025-04-23 00:30:59.387890,XRPUSD,2.21876,563.89149,473.34349
415039225,2025-04-23 00:31:22.282000,XRPUSD,Buy,445.698,2.22091,market,other,1,fill,445.698,0.0,2025-04-23 00:31:22.251060,XRPUSD,2.21932,1396.0559,950.3579000000001
415039369,2025-04-23 00:32:11.518000,XRPUSD,Buy,9.349801,2.22064,market,other,1,fill,9.349801,0.0,2025-04-23 00:32:11.411972,XRPUSD,2.2189,683.7207,674.370899
415039619,2025-04-23 00:33:27.663000,XRPUSD,Buy,220.161,2.21109,market,other,1,fill,220.161,0.0,2025-04-23 00:33:27.513101,XRPUSD,2.20977,400.0,179.839
415039669,2025-04-23 00:33:44.631000,XRPUSD,Buy,10.0,2.21249,market,other,1,fill,10.0,0.0,2025-04-23 00:33:44.629298,XRPUSD,2.21011,15.4068,5.4068000000000005
415039778,2025-04-23 00:34:13.537000,XRPUSD,Buy,20.4477,2.21326,market,other,1,fill,20.4477,0.0,2025-04-23 00:34:13.510589,XRPUSD,2.21229,1541.6747,1521.227
415039779,2025-04-23 00:34:13.586000,XRPUSD,Buy,3.2e-05,2.21326,market,other,1,fill,3.2e-05,0.0,2025-04-23 00:34:13.510589,XRPUSD,2.21229,1541.6747,1521.2269680000002
415040013,2025-04-23 00:35:34.670000,XRPUSD,Buy,110.60412704,2.22065,market,other,1,fill,110.60412704,0.0,2025-04-23 00:35:34.743252,XRPUSD,2.21909,354.9813,244.37717296
415040221,2025-04-23 00:36:37.851000,XRPUSD,Buy,234.82931187,2.21685,market,other,1,fill,234.82931187,0.0,2025-04-23 00:36:37.767444,XRPUSD,2.21568,342.3451,107.51578813
415040258,2025-04-23 00:36:51.730000,XRPUSD,Buy,44.73,2.21675,market,other,1,fill,44.73,0.0,2025-04-23 00:36:51.614166,XRPUSD,2.21577,56.1234,11.3934
415040483,2025-04-23 00:38:02.385000,XRPUSD,Buy,63.277558,2.21389,market,other,1,fill,63.277558,0.0,2025-04-23 00:38:02.508910,XRPUSD,2.21233,1097.7809,1034.503342
415040492,2025-04-23 00:38:11.822000,XRPUSD,Buy,0.5,2.21413,market,other,1,fill,0.5,0.0,2025-04-23 00:38:11.704349,XRPUSD,2.21291,662.1102,661.6102
415040510,2025-04-23 00:38:15.019000,XRPUSD,Buy,177.083,2.21561,market,other,1,fill,177.083,0.0,2025-04-23 00:38:14.979409,XRPUSD,2.21433,1308.1387,1131.0557
415040632,2025-04-23 00:39:04.265000,XRPUSD,Buy,44.852,2.21544,market,other,1,fill,44.852,0.0,2025-04-23 00:39:04.356855,XRPUSD,2.21411,2097.7093,2052.8573
415040682,2025-04-23 00:39:32.904000,XRPUSD,Buy,9.37080469,2.21672,market,other,1,fill,9.37080469,0.0,2025-04-23 00:39:32.997926,XRPUSD,2.21542,1050.3411,1040.97029531
415040709,2025-04-23 00:39:46.761000,XRPUSD,Buy,30.647,2.21774,market,other,1,fill,30.647,0.0,2025-04-23 00:39:46.804264,XRPUSD,2.21634,952.7483,922.1012999999999
415040896,2025-04-23 00:40:38.649000,XRPUSD,Buy,587.0523,2.21433,market,other,1,fill,587.0523,0.0,2025-04-23 00:40:38.599829,XRPUSD,2.2137,2389.52799,1802.4756900000002
415040897,2025-04-23 00:40:38.688000,XRPUSD,Buy,542.76158975,2.21433,market,other,1,fill,542.76158975,0.0,2025-04-23 00:40:38.599829,XRPUSD,2.2137,2389.52799,1259.7141002500002
415040911,2025-04-23 00:40:50.861000,XRPUSD,Buy,269.85719833,2.21454,market,other,1,fill,269.85719833,0.0,2025-04-23 00:40:50.644855,XRPUSD,2.21258,747.7876,477.93040167
415041189,2025-04-23 00:42:36.004000,XRPUSD,Buy,4.477,2.215,market,other,1,fill,4.477,0.0,2025-04-23 00:42:35.879276,XRPUSD,2.21382,562.4112,557.9342
415041314,2025-04-23 00:42:56.942000,XRPUSD,Buy,250.0883,2.21165,market,other,1,fill,250.0883,0.0,2025-04-23 00:42:57.028877,XRPUSD,2.21053,1231.5378,981.4495000000001
415041315,2025-04-23 00:42:56.945000,XRPUSD,Buy,357.4117,2.21165,market,other,1,fill,357.4117,0.0,2025-04-23 00:42:57.028877,XRPUSD,2.21053,1231.5378,624.0378000000001
415041316,2025-04-23 00:42:56.947000,XRPUSD,Buy,256.0128,2.21165,market,other,1,fill,256.0128,0.0,2025-04-23 00:42:57.028877,XRPUSD,2.21053,1231.5378,368.02500000000003
415041317,2025-04-23 00:42:56.948000,XRPUSD,Buy,357.41177739,2.21165,market,other,1,fill,357.41177739,0.0,2025-04-23 00:42:57.028877,XRPUSD,2.21053,1231.5378,10.613222610000037
415041509,2025-04-23 00:44:02.606000,XRPUSD,Buy,607.5,2.21045,market,other,1,partial_fill,518.8572,88.64279999999997,2025-04-23 00:44:02.406145,XRPUSD,2.20937,518.8572,0.0
415041509,2025-04-23 00:44:02.606000,XRPUSD,Buy,607.5,2.21045,market,other,2,partial_fill,88.64279999999997,0.0,2025-04-23 00:44:02.281566,XRPUSD,2.20937,518.8572,430.21440000000007
415041510,2025-04-23 00:44:02.644000,XRPUSD,Buy,607.5,2.21045,market,other,1,partial_fill,430.21440000000007,177.28559999999993,2025-04-23 00:44:02.281566,XRPUSD,2.20937,518.8572,0.0
415041510,2025-04-23 00:44:02.644000,XRPUSD,Buy,607.5,2.21045,market,other,2,partial_fill,177.28559999999993,0.0,2025-04-23 00:44:02.015276,XRPUSD,2.20937,860.8529,683.5673
415041511,2025-04-23 00:44:02.797000,XRPUSD,Buy,19.281941,2.21045,market,other,1,fill,19.281941,0.0,2025-04-23 00:44:02.742297,XRPUSD,2.2094,226.3,207.01805900000002
415041512,2025-04-23 00:44:02.797000,XRPUSD,Buy,233.270859,2.21045,market,other,1,partial_fill,207.01805900000002,26.25279999999998,2025-04-23 00:44:02.742297,XRPUSD,2.2094,226.3,0.0
415041512,2025-04-23 00:44:02.797000,XRPUSD,Buy,233.270859,2.21045,market,other,2,partial_fill,26.25279999999998,0.0,2025-04-23 00:44:02.015276,XRPUSD,2.20937,860.8529,657.3145000000001
415041513,2025-04-23 00:44:02.825000,XRPUSD,Buy,6.1e-05,2.21045,market,other,1,fill,6.1e-05,0.0,2025-04-23 00:44:02.015276,XRPUSD,2.20937,860.8529,657.3144390000001
415041515,2025-04-23 00:44:03.712000,XRPUSD,Buy,47.0,2.21108,market,other,1,fill,47.0,0.0,2025-04-23 00:44:03.750135,XRPUSD,2.21016,2500.0,2453.0
415041517,2025-04-23 00:44:03.837000,XRPUSD,Buy,0.218411,2.21108,market,other,1,fill,0.218411,0.0,2025-04-23 00:44:03.875595,XRPUSD,2.21042,2500.0,2499.781589
415041518,2025-04-23 00:44:03.837000,XRPUSD,Buy,1055.28608909,2.21124,market,other,1,fill,1055.28608909,0.0,2025-04-23 00:44:03.875595,XRPUSD,2.21042,2500.0,1444.4954999100003
415041624,2025-04-23 00:44:56.996000,XRPUSD,Buy,0.25,2.21009,market,other,1,fill,0.25,0.0,2025-04-23 00:44:56.983867,XRPUSD,2.20896,1690.0863,1689.8363
415041737,2025-04-23 00:45:26.146000,XRPUSD,Buy,200.0,2.20987,market,other,1,fill,200.0,0.0,2025-04-23 00:45:26.232146,XRPUSD,2.20869,1800.0892,1600.0892
415041738,2025-04-23 00:45:26.146000,XRPUSD,Buy,1131.36733102,2.20988,market,other,1,fill,1131.36733102,0.0,2025-04-23 00:45:26.232146,XRPUSD,2.20869,1800.0892,468.72186897999995
415041739,2025-04-23 00:45:26.146000,XRPUSD,Buy,365.11259936,2.20988,market,other,1,fill,365.11259936,0.0,2025-04-23 00:45:26.232146,XRPUSD,2.20869,1800.0892,103.60926961999996
415041886,2025-04-23 00:46:03.458000,XRPUSD,Buy,1354.552,2.20939,market,other,1,partial_fill,518.67909,835.8729099999999,2025-04-23 00:46:03.367844,XRPUSD,2.2082,518.67909,0.0
415041886,2025-04-23 00:46:03.458000,XRPUSD,Buy,1354.552,2.20939,market,other,2,partial_fill,518.67909,317.19381999999996,2025-04-23 00:46:03.249489,XRPUSD,2.2082,518.67909,0.0
415041886,2025-04-23 00:46:03.458000,XRPUSD,Buy,1354.552,2.20939,market,other,3,partial_fill,317.19381999999996,0.0,2025-04-23 00:46:02.907635,XRPUSD,2.20808,1141.6313,824.43748
415041889,2025-04-23 00:46:05.322000,XRPUSD,Buy,0.1,2.2096,market,other,1,fill,0.1,0.0,2025-04-23 00:46:05.115751,XRPUSD,2.20841,1487.4,1487.3000000000002
415042035,2025-04-23 00:46:53.965000,XRPUSD,Buy,50.0,2.21071,market,other,1,fill,50.0,0.0,2025-04-23 00:46:53.865959,XRPUSD,2.20961,576.68409,526.68409
415042036,2025-04-23 00:46:55.159000,XRPUSD,Buy,60.0,2.21034,market,other,1,fill,60.0,0.0,2025-04-23 00:46:54.869371,XRPUSD,2.20923,362.887,302.887
415042052,2025-04-23 00:46:59.281000,XRPUSD,Buy,60.0,2.2109,market,other,1,fill,60.0,0.0,2025-04-23 00:46:59.242797,XRPUSD,2.2098,113.0,53.0
415042102,2025-04-23 00:47:12.937000,XRPUSD,Buy,142.471,2.20941,market,other,1,fill,142.471,0.0,2025-04-23 00:47:12.864680,XRPUSD,2.20803,2500.0,2357.529
415042128,2025-04-23 00:47:22.958000,XRPUSD,Buy,229.99661905,2.20881,market,other,1,fill,229.99661905,0.0,2025-04-23 00:47:22.999912,XRPUSD,2.20815,657.7296,427.73298095
415042129,2025-04-23 00:47:22.958000,XRPUSD,Buy,37.04420651,2.20882,market,other,1,fill,37.04420651,0.0,2025-04-23 00:47:22.999912,XRPUSD,2.20815,657.7296,390.68877444000003
415042152,2025-04-23 00:47:37.623000,XRPUSD,Buy,20.0,2.20825,market,other,1,fill,20.0,0.0,2025-04-23 00:47:37.679765,XRPUSD,2.20712,483.2368,463.2368
415042194,2025-04-23 00:47:55.689000,XRPUSD,Buy,579.4,2.20742,market,other,1,partial_fill,24.1572,555.2428,2025-04-23 00:47:55.610262,XRPUSD,2.20631,24.1572,0.0
415042194,2025-04-23 00:47:55.689000,XRPUSD,Buy,579.4,2.20742,market,other,2,partial_fill,31.5,523.7428,2025-04-23 00:47:55.502316,XRPUSD,2.2063,31.5,0.0
415042194,2025-04-23 00:47:55.689000,XRPUSD,Buy,579.4,2.20742,market,other,3,partial_fill,31.5,492.2428,2025-04-23 00:47:55.252882,XRPUSD,2.2063,31.5,0.0
415042194,2025-04-23 00:47:55.689000,XRPUSD,Buy,579.4,2.20742,market,other,4,partial_fill,22.6452,469.5976,2025-04-23 00:47:54.859459,XRPUSD,2.20647,22.6452,0.0
415042194,2025-04-23 00:47:55.689000,XRPUSD,Buy,579.4,2.20742,market,other,5,partial_fill,22.6452,446.9524,2025-04-23 00:47:54.752329,XRPUSD,2.20647,22.6452,0.0
415042194,2025-04-23 00:47:55.689000,XRPUSD,Buy,579.4,2.20742,market,other,6,partial_fill,446.9524,0.0,2025-04-23 00:47:54.497520,XRPUSD,2.20638,1500.2449,1053.2925
415042196,2025-04-23 00:47:57.740000,XRPUSD,Buy,607.5,2.20777,market,other,1,partial_fill,13.5955,593.9045,2025-04-23 00:47:57.767287,XRPUSD,2.20661,13.5955,0.0
415042196,2025-04-23 00:47:57.740000,XRPUSD,Buy,607.5,2.20777,market,other,2,partial_fill,531.2469,62.6576,2025-04-23 00:47:57.892492,XRPUSD,2.20661,531.2469,0.0
415042196,2025-04-23 00:47:57.740000,XRPUSD,Buy,607.5,2.20777,market,other,3,partial_fill,62.6576,0.0,2025-04-23 00:47:57.406658,XRPUSD,2.20678,518.25469,455.59709
415042197,2025-04-23 00:47:57.740000,XRPUSD,Buy,579.4,2.2078,market,other,1,partial_fill,455.59709,123.80291,2025-04-23 00:47:57.406658,XRPUSD,2.20678,518.25469,0.0
415042197,2025-04-23 00:47:57.740000,XRPUSD,Buy,579.4,2.2078,market,other,2,partial_fill,123.80291,0.0,2025-04-23 00:47:57.139071,XRPUSD,2.20678,518.25469,394.45178
415042198,2025-04-23 00:47:57.740000,XRPUSD,Buy,965.1,2.2078,market,other,1,partial_fill,394.45178,570.64822,2025-04-23 00:47:57.139071,XRPUSD,2.20678,518.25469,0.0
415042198,2025-04-23 00:47:57.740000,XRPUSD,Buy,965.1,2.2078,market,other,2,partial_fill,518.25469,52.393530000000055,2025-04-23 00:47:57.029164,XRPUSD,2.20678,518.25469,0.0
415042198,2025-04-23 00:47:57.740000,XRPUSD,Buy,965.1,2.2078,market,other,3,partial_fill,52.393530000000055,0.0,2025-04-23 00:47:56.760296,XRPUSD,2.20678,495.0,442.60646999999994
415042211,2025-04-23 00:48:02.198000,XRPUSD,Buy,579.4,2.20729,market,other,1,fill,579.4,0.0,2025-04-23 00:48:02.121748,XRPUSD,2.20603,990.0,410.6
415042214,2025-04-23 00:48:04.237000,XRPUSD,Buy,229.99661905,2.20741,market,other,1,fill,229.99661905,0.0,2025-04-23 00:48:04.256844,XRPUSD,2.20626,1001.8255,771.82888095
415042215,2025-04-23 00:48:04.237000,XRPUSD,Buy,200.0,2.2076,market,other,1,fill,200.0,0.0,2025-04-23 00:48:04.256844,XRPUSD,2.20626,1001.8255,571.82888095
415042216,2025-04-23 00:48:04.237000,XRPUSD,Buy,2151.7,2.20761,market,other,1,partial_fill,571.82888095,1579.8711190499998,2025-04-23 00:48:04.256844,XRPUSD,2.20626,1001.8255,0.0
415042216,2025-04-23 00:48:04.237000,XRPUSD,Buy,2151.7,2.20761,market,other,2,partial_fill,1485.2072,94.66391904999978,2025-04-23 00:48:03.999701,XRPUSD,2.20626,1485.2072,0.0
415042216,2025-04-23 00:48:04.237000,XRPUSD,Buy,2151.7,2.20761,market,other,3,partial_fill,94.66391904999978,0.0,2025-04-23 00:48:03.640493,XRPUSD,2.20626,1237.8072,1143.1432809500002
415042217,2025-04-23 00:48:04.362000,XRPUSD,Buy,27.848,2.20763,market,other,1,fill,27.848,0.0,2025-04-23 00:48:04.375110,XRPUSD,2.20626,1001.8255,973.9775000000001
415042218,2025-04-23 00:48:05.272000,XRPUSD,Buy,229.99661905,2.20734,market,other,1,fill,229.99661905,0.0,2025-04-23 00:48:05.133681,XRPUSD,2.20631,1375.9468,1145.95018095
415042219,2025-04-23 00:48:05.272000,XRPUSD,Buy,200.00338095,2.20763,market,other,1,fill,200.00338095,0.0,2025-04-23 00:48:05.133681,XRPUSD,2.20631,1375.9468,945.9467999999999
415042338,2025-04-23 00:48:58.960000,XRPUSD,Buy,1000.0,2.20856,market,other,1,fill,1000.0,0.0,2025-04-23 00:48:59.009499,XRPUSD,2.20747,1694.7088,694.7088000000001
415042341,2025-04-23 00:49:03.048000,XRPUSD,Buy,292.6514,2.20856,market,other,1,fill,292.6514,0.0,2025-04-23 00:49:03.092110,XRPUSD,2.20747,1694.7088,1402.0574000000001
415042342,2025-04-23 00:49:03.113000,XRPUSD,Buy,9.09e-06,2.20856,market,other,1,fill,9.09e-06,0.0,2025-04-23 00:49:03.092110,XRPUSD,2.20747,1694.7088,1402.05739091
415042370,2025-04-23 00:49:13.579000,XRPUSD,Buy,312.2,2.20797,market,other,1,partial_fill,98.6026,213.5974,2025-04-23 00:49:13.657396,XRPUSD,2.20682,98.6026,0.0
415042370,2025-04-23 00:49:13.579000,XRPUSD,Buy,312.2,2.20797,market,other,2,partial_fill,213.5974,0.0,2025-04-23 00:49:13.385926,XRPUSD,2.20728,362.887,149.2896
415042412,2025-04-23 00:49:32.974000,XRPUSD,Buy,172.0,2.20804,market,other,1,fill,172.0,0.0,2025-04-23 00:49:33.004265,XRPUSD,2.20689,1704.1521,1532.1521
415042413,2025-04-23 00:49:33.170000,XRPUSD,Buy,314.8486,2.20804,market,other,1,fill,314.8486,0.0,2025-04-23 00:49:33.117928,XRPUSD,2.20689,1704.1521,1389.3035
415042427,2025-04-23 00:49:39.529000,XRPUSD,Buy,406.0,2.20888,market,other,1,fill,406.0,0.0,2025-04-23 00:49:39.499478,XRPUSD,2.20804,482.7388,76.73880000000003
415042428,2025-04-23 00:49:39.530000,XRPUSD,Buy,0.19061958,2.20888,market,other,1,fill,0.19061958,0.0,2025-04-23 00:49:39.499478,XRPUSD,2.20804,482.7388,76.54818042000002
415042430,2025-04-23 00:49:39.745000,XRPUSD,Buy,607.5,2.2095,market,other,1,fill,607.5,0.0,2025-04-23 00:49:39.599638,XRPUSD,2.20811,1481.7996,874.2996
415042455,2025-04-23 00:49:56.523000,XRPUSD,Buy,0.15,2.21204,market,other,1,fill,0.15,0.0,2025-04-23 00:49:56.506628,XRPUSD,2.21061,1490.3154,1490.1653999999999
415042527,2025-04-23 00:51:02.625000,XRPUSD,Buy,10.538109,2.21117,market,other,1,fill,10.538109,0.0,2025-04-23 00:51:02.362713,XRPUSD,2.20996,318.033,307.494891
415042610,2025-04-23 00:51:09.842000,XRPUSD,Buy,41.344,2.21137,market,other,1,fill,41.344,0.0,2025-04-23 00:51:09.847336,XRPUSD,2.2101,680.92,639.5759999999999
415042640,2025-04-23 00:51:18.885000,XRPUSD,Buy,22.750522,2.21019,market,other,1,fill,22.750522,0.0,2025-04-23 00:51:18.942124,XRPUSD,2.20898,622.7367,599.986178
415042811,2025-04-23 00:52:03.961000,XRPUSD,Buy,1299.46926099,2.21017,market,other,1,partial_fill,776.6203,522.84896099,2025-04-23 00:52:03.867846,XRPUSD,2.20698,776.6203,0.0
415042811,2025-04-23 00:52:03.961000,XRPUSD,Buy,1299.46926099,2.21017,market,other,2,partial_fill,522.84896099,0.0,2025-04-23 00:52:03.755914,XRPUSD,2.20698,752.6921,229.84313900999996
415042824,2025-04-23 00:52:08.856000,XRPUSD,Buy,200.0,2.21095,market,other,1,fill,200.0,0.0,2025-04-23 00:52:08.918733,XRPUSD,2.20958,705.098,505.09799999999996
415042929,2025-04-23 00:52:39.468000,XRPUSD,Buy,222.325,2.20815,market,other,1,fill,222.325,0.0,2025-04-23 00:52:39.360071,XRPUSD,2.20699,379.7105,157.38550000000004
415043132,2025-04-23 00:54:11.008000,XRPUSD,Buy,53.433,2.20926,market,other,1,fill,53.433,0.0,2025-04-23 00:54:10.854994,XRPUSD,2.20815,1313.8474,1260.4144000000001
415043134,2025-04-23 00:54:13.258000,XRPUSD,Buy,200.0,2.20892,market,other,1,fill,200.0,0.0,2025-04-23 00:54:13.098747,XRPUSD,2.20761,1262.0814,1062.0814
415043224,2025-04-23 00:54:56.827000,XRPUSD,Buy,1000.0,2.20666,market,other,1,fill,1000.0,0.0,2025-04-23 00:54:56.590757,XRPUSD,2.2054,1249.906,249.90599999999995
415043254,2025-04-23 00:55:11.547000,XRPUSD,Buy,263.433033,2.20831,market,other,1,fill,263.433033,0.0,2025-04-23 00:55:11.621446,XRPUSD,2.20709,468.0614,204.62836699999997
415043255,2025-04-23 00:55:11.547000,XRPUSD,Buy,1680.39014118,2.20842,market,other,1,partial_fill,204.62836699999997,1475.76177418,2025-04-23 00:55:11.621446,XRPUSD,2.20709,468.0614,0.0
415043255,2025-04-23 00:55:11.547000,XRPUSD,Buy,1680.39014118,2.20842,market,other,2,partial_fill,1210.46139,265.30038418000004,2025-04-23 00:55:11.363957,XRPUSD,2.20709,1210.46139,0.0
415043255,2025-04-23 00:55:11.547000,XRPUSD,Buy,1680.39014118,2.20842,market,other,3,partial_fill,93.0614,172.23898418000005,2025-04-23 00:55:11.229633,XRPUSD,2.20709,93.0614,0.0
415043255,2025-04-23 00:55:11.547000,XRPUSD,Buy,1680.39014118,2.20842,market,other,4,partial_fill,93.0614,79.17758418000004,2025-04-23 00:55:10.872560,XRPUSD,2.20709,93.0614,0.0
415043255,2025-04-23 00:55:11.547000,XRPUSD,Buy,1680.39014118,2.20842,market,other,5,partial_fill,79.17758418000004,0.0,2025-04-23 00:55:10.619879,XRPUSD,2.20672,612.1656,532.98801582
415043313,2025-04-23 00:55:38.218000,XRPUSD,Buy,40.214,2.20905,market,other,1,fill,40.214,0.0,2025-04-23 00:55:38.258684,XRPUSD,2.20786,1192.5641,1152.3501
415043319,2025-04-23 00:55:48.086000,XRPUSD,Buy,200.0,2.20898,market,other,1,fill,200.0,0.0,2025-04-23 00:55:48.004094,XRPUSD,2.20777,519.3418000000001,319.34180000000015
415043320,2025-04-23 00:55:48.086000,XRPUSD,Buy,1842.44779585,2.20899,market,other,1,partial_fill,319.34180000000015,1523.1059958499998,2025-04-23 00:55:48.004094,XRPUSD,2.20777,519.3418000000001,0.0
415043320,2025-04-23 00:55:48.086000,XRPUSD,Buy,1842.44779585,2.20899,market,other,2,partial_fill,519.3418000000001,1003.7641958499996,2025-04-23 00:55:47.617059,XRPUSD,2.20777,519.3418000000001,0.0
415043320,2025-04-23 00:55:48.086000,XRPUSD,Buy,1842.44779585,2.20899,market,other,3,partial_fill,519.3418000000001,484.4223958499995,2025-04-23 00:55:47.512417,XRPUSD,2.20777,519.3418000000001,0.0
415043320,2025-04-23 00:55:48.086000,XRPUSD,Buy,1842.44779585,2.20899,market,other,4,partial_fill,484.4223958499995,0.0,2025-04-23 00:55:47.264883,XRPUSD,2.20777,519.3418000000001,34.91940415000067
415043321,2025-04-23 00:55:51.958000,XRPUSD,Buy,217.085403,2.20836,market,other,1,fill,217.085403,0.0,2025-04-23 00:55:51.998412,XRPUSD,2.20713,765.1551,548.0696969999999
415043339,2025-04-23 00:56:08.122000,XRPUSD,Buy,120.0,2.20884,market,other,1,fill,120.0,0.0,2025-04-23 00:56:08.115690,XRPUSD,2.20809,1385.1606,1265.1606
415043447,2025-04-23 00:56:31.423000,XRPUSD,Buy,0.942,2.20786,market,other,1,fill,0.942,0.0,2025-04-23 00:56:31.497885,XRPUSD,2.20663,783.2628,782.3208
415043482,2025-04-23 00:56:51.109000,XRPUSD,Buy,44.47722225,2.20857,market,other,1,fill,44.47722225,0.0,2025-04-23 00:56:50.904717,XRPUSD,2.20725,1237.4,1192.92277775
415043520,2025-04-23 00:57:02.103000,XRPUSD,Buy,5.727034,2.20738,market,other,1,fill,5.727034,0.0,2025-04-23 00:57:02.171915,XRPUSD,2.20612,892.7096000000001,886.9825660000001
415043739,2025-04-23 00:58:04.338000,XRPUSD,Buy,102.523143,2.20311,market,other,1,fill,102.523143,0.0,2025-04-23 00:58:04.368863,XRPUSD,2.20212,375.0,272.476857
415043768,2025-04-23 00:58:10.408000,XRPUSD,Buy,607.5,2.20365,market,other,1,fill,607.5,0.0,2025-04-23 00:58:10.493393,XRPUSD,2.20203,2000.672,1393.172
415043769,2025-04-23 00:58:10.408000,XRPUSD,Buy,74.95836925,2.20375,market,other,1,fill,74.95836925,0.0,2025-04-23 00:58:10.493393,XRPUSD,2.20203,2000.672,1318.21363075
415043810,2025-04-23 00:58:25.669000,XRPUSD,Buy,607.5,2.20387,market,other,1,fill,607.5,0.0,2025-04-23 00:58:25.606891,XRPUSD,2.20288,791.5577,184.05769999999995
415043811,2025-04-23 00:58:25.743000,XRPUSD,Buy,453.32997,2.20387,market,other,1,partial_fill,184.05769999999995,269.27227000000005,2025-04-23 00:58:25.606891,XRPUSD,2.20288,791.5577,0.0
415043811,2025-04-23 00:58:25.743000,XRPUSD,Buy,453.32997,2.20387,market,other,2,partial_fill,269.27227000000005,0.0,2025-04-23 00:58:25.497477,XRPUSD,2.2025,790.901,521.6287299999999
415043813,2025-04-23 00:58:29.432000,XRPUSD,Buy,0.9,2.20486,market,other,1,fill,0.9,0.0,2025-04-23 00:58:29.529883,XRPUSD,2.20355,1240.7345,1239.8345
415043889,2025-04-23 00:58:51.776000,XRPUSD,Buy,0.267,2.20511,market,other,1,fill,0.267,0.0,2025-04-23 00:58:51.637823,XRPUSD,2.2038,226.8,226.53300000000002
415044041,2025-04-23 00:59:44.382000,XRPUSD,Buy,15.288,2.20344,market,other,1,fill,15.288,0.0,2025-04-23 00:59:44.254754,XRPUSD,2.20225,1332.6554,1317.3674
415044303,2025-04-23 01:01:00.761000,XRPUSD,Buy,200.0,2.20475,market,other,1,fill,200.0,0.0,2025-04-23 01:01:00.638114,XRPUSD,2.20343,1388.9538,1188.9538
415044319,2025-04-23 01:01:04.161000,XRPUSD,Buy,2.0,2.20595,market,other,1,fill,2.0,0.0,2025-04-23 01:01:04.245107,XRPUSD,2.20478,585.7694,583.7694
415044370,2025-04-23 01:01:21.713000,XRPUSD,Buy,166.24428476,2.20726,market,other,1,partial_fill,25.1,141.14428476,2025-04-23 01:01:21.804133,XRPUSD,2.2061,25.1,0.0
415044370,2025-04-23 01:01:21.713000,XRPUSD,Buy,166.24428476,2.20726,market,other,2,partial_fill,141.14428476,0.0,2025-04-23 01:01:21.518780,XRPUSD,2.2067,226.5,85.35571524
415044393,2025-04-23 01:01:34.866000,XRPUSD,Buy,0.898,2.20741,market,other,1,fill,0.898,0.0,2025-04-23 01:01:34.608447,XRPUSD,2.2064,226.6,225.702
415044484,2025-04-23 01:02:01.439000,XRPUSD,Buy,41.022,2.20865,market,other,1,fill,41.022,0.0,2025-04-23 01:02:01.367623,XRPUSD,2.2075,226.5,185.478
415044505,2025-04-23 01:02:07.146000,XRPUSD,Buy,11.88,2.20885,market,other,1,fill,11.88,0.0,2025-04-23 01:02:07.244350,XRPUSD,2.2082,226.4,214.52
415044525,2025-04-23 01:02:09.465000,XRPUSD,Buy,607.5,2.20802,market,other,1,partial_fill,24.8939,582.6061,2025-04-23 01:02:09.522642,XRPUSD,2.20738,24.8939,0.0
415044525,2025-04-23 01:02:09.465000,XRPUSD,Buy,607.5,2.20802,market,other,2,partial_fill,24.8939,557.7121999999999,2025-04-23 01:02:09.179380,XRPUSD,2.20738,24.8939,0.0
415044525,2025-04-23 01:02:09.465000,XRPUSD,Buy,607.5,2.20802,market,other,3,partial_fill,236.8286,320.88359999999994,2025-04-23 01:02:09.057612,XRPUSD,2.20738,236.8286,0.0
415044525,2025-04-23 01:02:09.465000,XRPUSD,Buy,607.5,2.20802,market,other,4,partial_fill,320.88359999999994,0.0,2025-04-23 01:02:08.771759,XRPUSD,2.2079,339.5,18.616400000000056
415044526,2025-04-23 01:02:09.465000,XRPUSD,Buy,543.89707536,2.20802,market,other,1,partial_fill,18.616400000000056,525.28067536,2025-04-23 01:02:08.771759,XRPUSD,2.2079,339.5,0.0
415044526,2025-04-23 01:02:09.465000,XRPUSD,Buy,543.89707536,2.20802,market,other,2,partial_fill,525.28067536,0.0,2025-04-23 01:02:08.407381,XRPUSD,2.20808,682.0781,156.79742463999992
415044527,2025-04-23 01:02:09.465000,XRPUSD,Buy,607.5,2.20815,market,other,1,partial_fill,156.79742463999992,450.7025753600001,2025-04-23 01:02:08.407381,XRPUSD,2.20808,682.0781,0.0
415044527,2025-04-23 01:02:09.465000,XRPUSD,Buy,607.5,2.20815,market,other,2,partial_fill,226.3,224.40257536000007,2025-04-23 01:02:08.292391,XRPUSD,2.2085,226.3,0.0
415044527,2025-04-23 01:02:09.465000,XRPUSD,Buy,607.5,2.20815,market,other,3,partial_fill,17.69999999999999,206.70257536000008,2025-04-23 01:02:08.008827,XRPUSD,2.2085,17.69999999999999,0.0
415044527,2025-04-23 01:02:09.465000,XRPUSD,Buy,607.5,2.20815,market,other,4,partial_fill,206.70257536000008,0.0,2025-04-23 01:02:07.630969,XRPUSD,2.20861,427.5436,220.84102463999994
415044528,2025-04-23 01:02:09.465000,XRPUSD,Buy,2151.7,2.20824,market,other,1,partial_fill,220.84102463999994,1930.85897536,2025-04-23 01:02:07.630969,XRPUSD,2.20861,427.5436,0.0
415044528,2025-04-23 01:02:09.465000,XRPUSD,Buy,2151.7,2.20824,market,other,2,partial_fill,226.4,1704.4589753599998,2025-04-23 01:02:07.522844,XRPUSD,2.2082,226.4,0.0
415044528,2025-04-23 01:02:09.465000,XRPUSD,Buy,2151.7,2.20824,market,other,3,partial_fill,214.52,1489.9389753599999,2025-04-23 01:02:07.244350,XRPUSD,2.2082,226.4,0.0
415044528,2025-04-23 01:02:09.465000,XRPUSD,Buy,2151.7,2.20824,market,other,4,partial_fill,226.4,1263.5389753599998,2025-04-23 01:02:06.882328,XRPUSD,2.2082,226.4,0.0
415044528,2025-04-23 01:02:09.465000,XRPUSD,Buy,2151.7,2.20824,market,other,5,partial_fill,930.4159,333.1230753599998,2025-04-23 01:02:06.774871,XRPUSD,2.20804,930.4159,0.0
415044528,2025-04-23 01:02:09.465000,XRPUSD,Buy,2151.7,2.20824,market,other,6,partial_fill,333.1230753599998,0.0,2025-04-23 01:02:06.518076,XRPUSD,2.20804,407.3543,74.23122464000022
415044529,2025-04-23 01:02:09.465000,XRPUSD,Buy,417.42035397,2.20825,market,other,1,partial_fill,74.23122464000022,343.1891293299998,2025-04-23 01:02:06.518076,XRPUSD,2.20804,407.3543,0.0
415044529,2025-04-23 01:02:09.465000,XRPUSD,Buy,417.42035397,2.20825,market,other,2,partial_fill,343.1891293299998,0.0,2025-04-23 01:02:06.115406,XRPUSD,2.20804,407.3543,64.16517067000024
415044565,2025-04-23 01:02:20.288000,XRPUSD,Buy,85.6526703,2.20724,market,other,1,fill,85.6526703,0.0,2025-04-23 01:02:20.116218,XRPUSD,2.20594,550.4981,464.8454297
415044695,2025-04-23 01:03:19.708000,XRPUSD,Buy,200.0,2.20819,market,other,1,fill,200.0,0.0,2025-04-23 01:03:19.754312,XRPUSD,2.20706,362.887,162.887
415044696,2025-04-23 01:03:19.708000,XRPUSD,Buy,268.57333574,2.2082,market,other,1,partial_fill,162.887,105.68633574,2025-04-23 01:03:19.754312,XRPUSD,2.20706,362.887,0.0
415044696,2025-04-23 01:03:19.708000,XRPUSD,Buy,268.57333574,2.2082,market,other,2,partial_fill,105.68633574,0.0,2025-04-23 01:03:19.396901,XRPUSD,2.20706,680.92,575.23366426
415044733,2025-04-23 01:03:25.809000,XRPUSD,Buy,359.724,2.20615,market,other,1,fill,359.724,0.0,2025-04-23 01:03:25.922943,XRPUSD,2.2048,1765.3917,1405.6677
415044859,2025-04-23 01:04:23.852000,XRPUSD,Buy,1060.50609013,2.20931,market,other,1,fill,1060.50609013,0.0,2025-04-23 01:04:23.886774,XRPUSD,2.2082,1680.7446,620.2385098699999
415044991,2025-04-23 01:05:19.514000,XRPUSD,Buy,200.0,2.21074,market,other,1,partial_fill,40.7095,159.2905,2025-04-23 01:05:19.510374,XRPUSD,2.2089,40.7095,0.0
415044991,2025-04-23 01:05:19.514000,XRPUSD,Buy,200.0,2.21074,market,other,2,partial_fill,40.7095,118.58100000000002,2025-04-23 01:05:19.120365,XRPUSD,2.2089,40.7095,0.0
415044991,2025-04-23 01:05:19.514000,XRPUSD,Buy,200.0,2.21074,market,other,3,partial_fill,40.7095,77.87150000000003,2025-04-23 01:05:19.024586,XRPUSD,2.2089,40.7095,0.0
415044991,2025-04-23 01:05:19.514000,XRPUSD,Buy,200.0,2.21074,market,other,4,partial_fill,40.7095,37.16200000000003,2025-04-23 01:05:18.783695,XRPUSD,2.2089,40.7095,0.0
415044991,2025-04-23 01:05:19.514000,XRPUSD,Buy,200.0,2.21074,market,other,5,partial_fill,37.16200000000003,0.0,2025-04-23 01:05:18.357538,XRPUSD,2.20919,422.2294,385.06739999999996
415044992,2025-04-23 01:05:19.514000,XRPUSD,Buy,263.88905774,2.21097,market,other,1,fill,263.88905774,0.0,2025-04-23 01:05:18.357538,XRPUSD,2.20919,422.2294,121.17834225999997
415045008,2025-04-23 01:05:29.996000,XRPUSD,Buy,23.496,2.21073,market,other,1,fill,23.496,0.0,2025-04-23 01:05:30.031171,XRPUSD,2.20959,1393.0303,1369.5342999999998
415045029,2025-04-23 01:05:35.479000,XRPUSD,Buy,82.75,2.21112,market,other,1,fill,82.75,0.0,2025-04-23 01:05:35.494504,XRPUSD,2.20985,1444.7987,1362.0487
415045244,2025-04-23 01:06:23.034000,XRPUSD,Buy,279.76683766,2.21245,market,other,1,partial_fill,13.5658,266.20103766,2025-04-23 01:06:23.047773,XRPUSD,2.21144,13.5658,0.0
415045244,2025-04-23 01:06:23.034000,XRPUSD,Buy,279.76683766,2.21245,market,other,2,partial_fill,266.20103766,0.0,2025-04-23 01:06:22.765239,XRPUSD,2.21144,1285.4597,1019.2586623400001
415045379,2025-04-23 01:07:19.245000,XRPUSD,Buy,457.43911856,2.21184,market,other,1,fill,457.43911856,0.0,2025-04-23 01:07:19.098471,XRPUSD,2.21085,679.4034,221.96428144000004
415045381,2025-04-23 01:07:24.515000,XRPUSD,Buy,2151.7,2.21125,market,other,1,partial_fill,1601.618,550.0819999999999,2025-04-23 01:07:24.498138,XRPUSD,2.21022,1601.618,0.0
415045381,2025-04-23 01:07:24.515000,XRPUSD,Buy,2151.7,2.21125,market,other,2,partial_fill,316.51639,233.56560999999988,2025-04-23 01:07:24.611139,XRPUSD,2.21048,316.51639,0.0
415045381,2025-04-23 01:07:24.515000,XRPUSD,Buy,2151.7,2.21125,market,other,3,partial_fill,233.56560999999988,0.0,2025-04-23 01:07:24.246855,XRPUSD,2.21022,1601.618,1368.05239
415045382,2025-04-23 01:07:24.515000,XRPUSD,Buy,200.0,2.21126,market,other,1,fill,200.0,0.0,2025-04-23 01:07:24.246855,XRPUSD,2.21022,1601.618,1168.05239
415045383,2025-04-23 01:07:24.515000,XRPUSD,Buy,939.0,2.21147,market,other,1,fill,939.0,0.0,2025-04-23 01:07:24.246855,XRPUSD,2.21022,1601.618,229.05239000000006
415045384,2025-04-23 01:07:24.515000,XRPUSD,Buy,543.00778026,2.21166,market,other,1,partial_fill,229.05239000000006,313.95539025999994,2025-04-23 01:07:24.246855,XRPUSD,2.21022,1601.618,0.0
415045384,2025-04-23 01:07:24.515000,XRPUSD,Buy,543.00778026,2.21166,market,other,2,partial_fill,313.95539025999994,0.0,2025-04-23 01:07:23.852648,XRPUSD,2.21022,1329.318,1015.36260974
415045470,2025-04-23 01:08:03.968000,XRPUSD,Buy,2000.0,2.21241,market,other,1,partial_fill,1770.291,229.70900000000006,2025-04-23 01:08:03.873268,XRPUSD,2.21048,1770.291,0.0
415045470,2025-04-23 01:08:03.968000,XRPUSD,Buy,2000.0,2.21241,market,other,2,partial_fill,229.70900000000006,0.0,2025-04-23 01:08:03.766005,XRPUSD,2.21048,1770.291,1540.5819999999999
415045475,2025-04-23 01:08:09.687000,XRPUSD,Buy,200.0,2.21258,market,other,1,fill,200.0,0.0,2025-04-23 01:08:09.750167,XRPUSD,2.2117,399.1989,199.19889999999998
415045476,2025-04-23 01:08:09.687000,XRPUSD,Buy,2259.79559283,2.21259,market,other,1,partial_fill,199.19889999999998,2060.59669283,2025-04-23 01:08:09.750167,XRPUSD,2.2117,399.1989,0.0
415045476,2025-04-23 01:08:09.687000,XRPUSD,Buy,2259.79559283,2.21259,market,other,2,partial_fill,226.0,1834.59669283,2025-04-23 01:08:09.382962,XRPUSD,2.2116,226.0,0.0
415045476,2025-04-23 01:08:09.687000,XRPUSD,Buy,2259.79559283,2.21259,market,other,3,partial_fill,794.7821,1039.81459283,2025-04-23 01:08:09.278917,XRPUSD,2.21185,794.7821,0.0
415045476,2025-04-23 01:08:09.687000,XRPUSD,Buy,2259.79559283,2.21259,market,other,4,partial_fill,953.7986,86.01599283000007,2025-04-23 01:08:09.003898,XRPUSD,2.21185,953.7986,0.0
415045476,2025-04-23 01:08:09.687000,XRPUSD,Buy,2259.79559283,2.21259,market,other,5,partial_fill,86.01599283000007,0.0,2025-04-23 01:08:08.663493,XRPUSD,2.21185,1784.7821,1698.76610717
415045477,2025-04-23 01:08:09.687000,XRPUSD,Buy,2151.7,2.21265,market,other,1,partial_fill,1698.76610717,452.9338928299999,2025-04-23 01:08:08.663493,XRPUSD,2.21185,1784.7821,0.0
415045477,2025-04-23 01:08:09.687000,XRPUSD,Buy,2151.7,2.21265,market,other,2,partial_fill,452.9338928299999,0.0,2025-04-23 01:08:08.539858,XRPUSD,2.21185,1943.7986,1490.8647071700002
415045478,2025-04-23 01:08:09.687000,XRPUSD,Buy,970.7,2.21276,market,other,1,fill,970.7,0.0,2025-04-23 01:08:08.539858,XRPUSD,2.21185,1943.7986,520.1647071700002
415045479,2025-04-23 01:08:09.687000,XRPUSD,Buy,3389.99448488,2.2128,market,other,1,partial_fill,520.1647071700002,2869.8297777099997,2025-04-23 01:08:08.539858,XRPUSD,2.21185,1943.7986,0.0
415045479,2025-04-23 01:08:09.687000,XRPUSD,Buy,3389.99448488,2.2128,market,other,2,partial_fill,1943.7986,926.0311777099996,2025-04-23 01:08:08.268777,XRPUSD,2.21185,1943.7986,0.0
415045479,2025-04-23 01:08:09.687000,XRPUSD,Buy,3389.99448488,2.2128,market,other,3,partial_fill,926.0311777099996,0.0,2025-04-23 01:08:07.908354,XRPUSD,2.21185,953.7986,27.767422290000354
415045480,2025-04-23 01:08:09.687000,XRPUSD,Buy,543.00778026,2.2128,market,other,1,partial_fill,27.767422290000354,515.2403579699996,2025-04-23 01:08:07.908354,XRPUSD,2.21185,953.7986,0.0
415045480,2025-04-23 01:08:09.687000,XRPUSD,Buy,543.00778026,2.2128,market,other,2,partial_fill,515.2403579699996,0.0,2025-04-23 01:08:07.615439,XRPUSD,2.21185,2216.09859,1700.8582320300004
415045481,2025-04-23 01:08:09.687000,XRPUSD,Buy,607.5,2.21288,market,other,1,fill,607.5,0.0,2025-04-23 01:08:07.615439,XRPUSD,2.21185,2216.09859,1093.3582320300004
415045482,2025-04-23 01:08:09.687000,XRPUSD,Buy,2078.08477823,2.21289,market,other,1,partial_fill,1093.3582320300004,984.7265461999998,2025-04-23 01:08:07.615439,XRPUSD,2.21185,2216.09859,0.0
415045482,2025-04-23 01:08:09.687000,XRPUSD,Buy,2078.08477823,2.21289,market,other,2,partial_fill,703.7986,280.92794619999984,2025-04-23 01:08:07.511275,XRPUSD,2.21185,703.7986,0.0
415045482,2025-04-23 01:08:09.687000,XRPUSD,Buy,2078.08477823,2.21289,market,other,3,partial_fill,280.92794619999984,0.0,2025-04-23 01:08:07.113626,XRPUSD,2.21185,703.7986,422.8706538000001
415045492,2025-04-23 01:08:12.783000,XRPUSD,Buy,200.0,2.21273,market,other,1,fill,200.0,0.0,2025-04-23 01:08:12.648318,XRPUSD,2.21173,1602.887,1402.887
415045493,2025-04-23 01:08:12.783000,XRPUSD,Buy,1018.33772126,2.21281,market,other,1,fill,1018.33772126,0.0,2025-04-23 01:08:12.648318,XRPUSD,2.21173,1602.887,384.54927874
415045497,2025-04-23 01:08:15.591000,XRPUSD,Buy,121.88648822,2.2128,market,other,1,fill,121.88648822,0.0,2025-04-23 01:08:15.644518,XRPUSD,2.21169,172.5807,50.69421178
415045498,2025-04-23 01:08:18.069000,XRPUSD,Buy,12.19195137,2.21248,market,other,1,fill,12.19195137,0.0,2025-04-23 01:08:18.095431,XRPUSD,2.21145,2148.3458,2136.15384863
415045501,2025-04-23 01:08:19.439000,XRPUSD,Buy,97.2972863,2.21248,market,other,1,fill,97.2972863,0.0,2025-04-23 01:08:19.510007,XRPUSD,2.21145,1993.2525,1895.9552137
415045519,2025-04-23 01:08:24.701000,XRPUSD,Buy,2000.0,2.21298,market,other,1,partial_fill,386.784,1613.216,2025-04-23 01:08:24.750516,XRPUSD,2.212,386.784,0.0
415045519,2025-04-23 01:08:24.701000,XRPUSD,Buy,2000.0,2.21298,market,other,2,partial_fill,680.92,932.2959999999999,2025-04-23 01:08:24.347488,XRPUSD,2.21228,680.92,0.0
415045519,2025-04-23 01:08:24.701000,XRPUSD,Buy,2000.0,2.21298,market,other,3,partial_fill,362.887,569.4089999999999,2025-04-23 01:08:24.247615,XRPUSD,2.21228,362.887,0.0
415045519,2025-04-23 01:08:24.701000,XRPUSD,Buy,2000.0,2.21298,market,other,4,partial_fill,362.887,206.52199999999988,2025-04-23 01:08:23.981387,XRPUSD,2.21228,362.887,0.0
415045519,2025-04-23 01:08:24.701000,XRPUSD,Buy,2000.0,2.21298,market,other,5,partial_fill,206.52199999999988,0.0,2025-04-23 01:08:23.599992,XRPUSD,2.21228,521.9035,315.38150000000013
415045674,2025-04-23 01:09:19.446000,XRPUSD,Buy,44.12380548,2.21743,market,other,1,fill,44.12380548,0.0,2025-04-23 01:09:19.354102,XRPUSD,2.21591,2490.9717,2446.84789452
415045696,2025-04-23 01:09:22.821000,XRPUSD,Buy,200.0,2.21641,market,other,1,fill,200.0,0.0,2025-04-23 01:09:22.675236,XRPUSD,2.21546,1428.9953,1228.9953
415045806,2025-04-23 01:09:59.146000,XRPUSD,Buy,52.672,2.21764,market,other,1,fill,52.672,0.0,2025-04-23 01:09:59.239183,XRPUSD,2.21654,1371.1336,1318.4615999999999
415045845,2025-04-23 01:10:11.420000,XRPUSD,Buy,44.512289,2.21683,market,other,1,fill,44.512289,0.0,2025-04-23 01:10:11.386968,XRPUSD,2.21597,1073.8529,1029.340611
415045846,2025-04-23 01:10:11.492000,XRPUSD,Buy,12.701711,2.21683,market,other,1,fill,12.701711,0.0,2025-04-23 01:10:11.386968,XRPUSD,2.21597,1073.8529,1016.6389
415045898,2025-04-23 01:10:18.186000,XRPUSD,Buy,200.0,2.21818,market,other,1,fill,200.0,0.0,2025-04-23 01:10:18.242398,XRPUSD,2.21703,1747.6025,1547.6025
415045945,2025-04-23 01:10:20.395000,XRPUSD,Buy,587.3509574,2.22007,market,other,1,partial_fill,48.2576,539.0933574,2025-04-23 01:10:20.499743,XRPUSD,2.21897,48.2576,0.0
415045945,2025-04-23 01:10:20.395000,XRPUSD,Buy,587.3509574,2.22007,market,other,2,partial_fill,48.2576,490.8357573999999,2025-04-23 01:10:20.114215,XRPUSD,2.21897,48.2576,0.0
415045945,2025-04-23 01:10:20.395000,XRPUSD,Buy,587.3509574,2.22007,market,other,3,partial_fill,272.3,218.5357573999999,2025-04-23 01:10:20.011142,XRPUSD,2.21898,272.3,0.0
415045945,2025-04-23 01:10:20.395000,XRPUSD,Buy,587.3509574,2.22007,market,other,4,partial_fill,218.5357573999999,0.0,2025-04-23 01:10:19.751929,XRPUSD,2.21897,525.9435,307.40774260000006
415046005,2025-04-23 01:10:35.031000,XRPUSD,Buy,67.084,2.2203,market,other,1,fill,67.084,0.0,2025-04-23 01:10:35.028748,XRPUSD,2.21915,495.0,427.916
415046070,2025-04-23 01:10:51.388000,XRPUSD,Buy,200.0,2.21941,market,other,1,fill,200.0,0.0,2025-04-23 01:10:51.280945,XRPUSD,2.21832,812.5896,612.5896
415046090,2025-04-23 01:10:57.411000,XRPUSD,Buy,14.953824,2.21981,market,other,1,fill,14.953824,0.0,2025-04-23 01:10:57.519081,XRPUSD,2.21882,1109.4666,1094.512776
415046165,2025-04-23 01:11:26.333000,XRPUSD,Buy,61.789,2.21976,market,other,1,fill,61.789,0.0,2025-04-23 01:11:26.276428,XRPUSD,2.21887,449.9538,388.1648
415046183,2025-04-23 01:11:29.892000,XRPUSD,Buy,224.195314,2.22041,market,other,1,fill,224.195314,0.0,2025-04-23 01:11:29.755547,XRPUSD,2.21899,1163.9509,939.755586
415046295,2025-04-23 01:12:16.020000,XRPUSD,Buy,607.5,2.21639,market,other,1,partial_fill,225.5784,381.9216,2025-04-23 01:12:16.006763,XRPUSD,2.21533,225.5784,0.0
415046295,2025-04-23 01:12:16.020000,XRPUSD,Buy,607.5,2.21639,market,other,2,partial_fill,225.7,156.22160000000002,2025-04-23 01:12:15.628039,XRPUSD,2.2152,225.7,0.0
415046295,2025-04-23 01:12:16.020000,XRPUSD,Buy,607.5,2.21639,market,other,3,partial_fill,156.22160000000002,0.0,2025-04-23 01:12:15.519535,XRPUSD,2.2152,225.7,69.47839999999997
415046296,2025-04-23 01:12:16.020000,XRPUSD,Buy,968.5,2.2164,market,other,1,partial_fill,69.47839999999997,899.0216,2025-04-23 01:12:15.519535,XRPUSD,2.2152,225.7,0.0
415046296,2025-04-23 01:12:16.020000,XRPUSD,Buy,968.5,2.2164,market,other,2,partial_fill,225.7,673.3216,2025-04-23 01:12:15.258876,XRPUSD,2.2152,225.7,0.0
415046296,2025-04-23 01:12:16.020000,XRPUSD,Buy,968.5,2.2164,market,other,3,partial_fill,673.3216,0.0,2025-04-23 01:12:14.867400,XRPUSD,2.21527,693.033,19.711400000000026
415046370,2025-04-23 01:12:43.206000,XRPUSD,Buy,5.0,2.21604,market,other,1,fill,5.0,0.0,2025-04-23 01:12:43.278830,XRPUSD,2.21545,306.887,301.887
415046384,2025-04-23 01:12:45.172000,XRPUSD,Buy,200.0,2.21571,market,other,1,fill,200.0,0.0,2025-04-23 01:12:45.127333,XRPUSD,2.2147,783.6386,583.6386
415046397,2025-04-23 01:12:56.300000,XRPUSD,Buy,200.0,2.21647,market,other,1,partial_fill,46.7885,153.2115,2025-04-23 01:12:56.135239,XRPUSD,2.21559,46.7885,0.0
415046397,2025-04-23 01:12:56.300000,XRPUSD,Buy,200.0,2.21647,market,other,2,partial_fill,74.8502,78.3613,2025-04-23 01:12:56.016824,XRPUSD,2.21559,74.8502,0.0
415046397,2025-04-23 01:12:56.300000,XRPUSD,Buy,200.0,2.21647,market,other,3,partial_fill,74.8502,3.511099999999999,2025-04-23 01:12:55.756616,XRPUSD,2.21559,74.8502,0.0
415046397,2025-04-23 01:12:56.300000,XRPUSD,Buy,200.0,2.21647,market,other,4,partial_fill,3.511099999999999,0.0,2025-04-23 01:12:55.382706,XRPUSD,2.21559,221.6335,218.1224
415046398,2025-04-23 01:12:56.300000,XRPUSD,Buy,15.710847,2.21648,market,other,1,fill,15.710847,0.0,2025-04-23 01:12:55.382706,XRPUSD,2.21559,221.6335,202.411553
415046432,2025-04-23 01:13:10.357000,XRPUSD,Buy,100.0,2.21577,market,other,1,fill,100.0,0.0,2025-04-23 01:13:10.411590,XRPUSD,2.21449,894.786,794.786
415046460,2025-04-23 01:13:27.895000,XRPUSD,Buy,134.21,2.21601,market,other,1,fill,134.21,0.0,2025-04-23 01:13:27.861780,XRPUSD,2.2155,225.6,91.38999999999999
415046477,2025-04-23 01:13:33.631000,XRPUSD,Buy,407.5,2.21601,market,other,1,fill,407.5,0.0,2025-04-23 01:13:33.725614,XRPUSD,2.21498,1449.3782,1041.8782
415046480,2025-04-23 01:13:33.715000,XRPUSD,Buy,607.5,2.21601,market,other,1,fill,607.5,0.0,2025-04-23 01:13:33.725614,XRPUSD,2.21498,1449.3782,434.3782000000001
415046481,2025-04-23 01:13:33.886000,XRPUSD,Buy,257.968826,2.21601,market,other,1,fill,257.968826,0.0,2025-04-23 01:13:33.971614,XRPUSD,2.21498,1449.3782,1191.409374
415046484,2025-04-23 01:13:36.715000,XRPUSD,Buy,185.063,2.2165,market,other,1,fill,185.063,0.0,2025-04-23 01:13:36.605478,XRPUSD,2.2157,225.6,40.537000000000006
415046638,2025-04-23 01:14:50.815000,XRPUSD,Buy,8.965,2.21155,market,other,1,fill,8.965,0.0,2025-04-23 01:14:50.864633,XRPUSD,2.21033,676.8564,667.8914
415046645,2025-04-23 01:14:55.773000,XRPUSD,Buy,86.043,2.21187,market,other,1,fill,86.043,0.0,2025-04-23 01:14:55.680393,XRPUSD,2.21097,1445.3283,1359.2853
415046659,2025-04-23 01:15:00.823000,XRPUSD,Buy,10.0,2.21208,market,other,1,fill,10.0,0.0,2025-04-23 01:15:00.850634,XRPUSD,2.21139,325.7421,315.7421
415046706,2025-04-23 01:15:27.157000,XRPUSD,Buy,1104.0,2.21508,market,other,1,fill,1104.0,0.0,2025-04-23 01:15:27.142489,XRPUSD,2.21417,1283.91619,179.91618999999992
415046707,2025-04-23 01:15:27.161000,XRPUSD,Buy,0.20139604,2.21508,market,other,1,fill,0.20139604,0.0,2025-04-23 01:15:27.142489,XRPUSD,2.21417,1283.91619,179.71479395999992
415046751,2025-04-23 01:15:47.480000,XRPUSD,Buy,44.772,2.2149,market,other,1,fill,44.772,0.0,2025-04-23 01:15:47.383869,XRPUSD,2.2139,1421.3165,1376.5445
415046760,2025-04-23 01:15:47.678000,XRPUSD,Buy,159.0,2.2149,market,other,1,fill,159.0,0.0,2025-04-23 01:15:47.647644,XRPUSD,2.2139,1859.1106,1700.1106
415046780,2025-04-23 01:16:04.312000,XRPUSD,Buy,4.477,2.21477,market,other,1,fill,4.477,0.0,2025-04-23 01:16:04.121535,XRPUSD,2.21379,159.0165,154.5395
415046786,2025-04-23 01:16:05.617000,XRPUSD,Buy,59.762,2.21502,market,other,1,fill,59.762,0.0,2025-04-23 01:16:05.620431,XRPUSD,2.21379,1421.3165,1361.5545
415046866,2025-04-23 01:16:45.392000,XRPUSD,Buy,42.657,2.21609,market,other,1,fill,42.657,0.0,2025-04-23 01:16:45.515036,XRPUSD,2.21508,227.1938,184.53680000000003
415046891,2025-04-23 01:16:58.237000,XRPUSD,Buy,2151.7,2.21548,market,other,1,partial_fill,607.32579,1544.37421,2025-04-23 01:16:58.261951,XRPUSD,2.21448,607.32579,0.0
415046891,2025-04-23 01:16:58.237000,XRPUSD,Buy,2151.7,2.21548,market,other,2,partial_fill,607.32579,937.04842,2025-04-23 01:16:58.369347,XRPUSD,2.21448,607.32579,0.0
415046891,2025-04-23 01:16:58.237000,XRPUSD,Buy,2151.7,2.21548,market,other,3,partial_fill,937.04842,0.0,2025-04-23 01:16:57.857623,XRPUSD,2.21448,1102.3258,165.2773800000001
415046892,2025-04-23 01:16:58.237000,XRPUSD,Buy,953.9,2.21549,market,other,1,partial_fill,165.2773800000001,788.6226199999999,2025-04-23 01:16:57.857623,XRPUSD,2.21448,1102.3258,0.0
415046892,2025-04-23 01:16:58.237000,XRPUSD,Buy,953.9,2.21549,market,other,2,partial_fill,788.6226199999999,0.0,2025-04-23 01:16:57.604753,XRPUSD,2.21448,1477.3258,688.7031800000002
415046893,2025-04-23 01:16:58.237000,XRPUSD,Buy,3166.4,2.21552,market,other,1,partial_fill,688.7031800000002,2477.69682,2025-04-23 01:16:57.604753,XRPUSD,2.21448,1477.3258,0.0
415046893,2025-04-23 01:16:58.237000,XRPUSD,Buy,3166.4,2.21552,market,other,2,partial_fill,982.3258,1495.37102,2025-04-23 01:16:57.502104,XRPUSD,2.21448,982.3258,0.0
415046893,2025-04-23 01:16:58.237000,XRPUSD,Buy,3166.4,2.21552,market,other,3,partial_fill,982.3258,513.0452200000001,2025-04-23 01:16:57.251882,XRPUSD,2.21448,982.3258,0.0
415046893,2025-04-23 01:16:58.237000,XRPUSD,Buy,3166.4,2.21552,market,other,4,partial_fill,513.0452200000001,0.0,2025-04-23 01:16:56.867396,XRPUSD,2.21448,1597.3258,1084.28058
415046915,2025-04-23 01:17:01.251000,XRPUSD,Buy,3050.0,2.21592,market,other,1,partial_fill,534.9022,2515.0978,2025-04-23 01:17:01.264953,XRPUSD,2.21471,534.9022,0.0
415046915,2025-04-23 01:17:01.251000,XRPUSD,Buy,3050.0,2.21592,market,other,2,partial_fill,216.86919999999998,2298.2286,2025-04-23 01:17:00.949432,XRPUSD,2.21471,216.86919999999998,0.0
415046915,2025-04-23 01:17:01.251000,XRPUSD,Buy,3050.0,2.21592,market,other,3,partial_fill,225.7,2072.5286,2025-04-23 01:17:00.813919,XRPUSD,2.2148,225.7,0.0
415046915,2025-04-23 01:17:01.251000,XRPUSD,Buy,3050.0,2.21592,market,other,4,partial_fill,1564.1896,508.33900000000017,2025-04-23 01:17:00.521076,XRPUSD,2.21483,1564.1896,0.0
415046915,2025-04-23 01:17:01.251000,XRPUSD,Buy,3050.0,2.21592,market,other,5,partial_fill,508.33900000000017,0.0,2025-04-23 01:17:00.131147,XRPUSD,2.21483,1564.1896,1055.8505999999998
415047015,2025-04-23 01:17:49.724000,XRPUSD,Buy,22.143,2.21635,market,other,1,fill,22.143,0.0,2025-04-23 01:17:49.632832,XRPUSD,2.2153,225.7,203.557
415047026,2025-04-23 01:17:57.411000,XRPUSD,Buy,20.0,2.21682,market,other,1,fill,20.0,0.0,2025-04-23 01:17:57.356728,XRPUSD,2.21575,198.4926,178.4926
415047249,2025-04-23 01:19:04.582000,XRPUSD,Buy,1033.0,2.21052,market,other,1,partial_fill,790.2823,242.71770000000004,2025-04-23 01:19:04.626157,XRPUSD,2.20983,790.2823,0.0
415047249,2025-04-23 01:19:04.582000,XRPUSD,Buy,1033.0,2.21052,market,other,2,partial_fill,242.71770000000004,0.0,2025-04-23 01:19:04.510478,XRPUSD,2.2095,480.1544,237.43669999999997
415047250,2025-04-23 01:19:04.604000,XRPUSD,Buy,0.66780408,2.21052,market,other,1,fill,0.66780408,0.0,2025-04-23 01:19:04.510478,XRPUSD,2.2095,480.1544,236.76889591999998
415047348,2025-04-23 01:19:31.981000,XRPUSD,Buy,18.485465,2.21286,market,other,1,fill,18.485465,0.0,2025-04-23 01:19:31.994045,XRPUSD,2.21198,544.463,525.977535
415047365,2025-04-23 01:19:35.241000,XRPUSD,Buy,13.189,2.21297,market,other,1,fill,13.189,0.0,2025-04-23 01:19:35.240365,XRPUSD,2.21205,922.5034,909.3144000000001
415047387,2025-04-23 01:20:05.507000,XRPUSD,Buy,52.377,2.21135,market,other,1,fill,52.377,0.0,2025-04-23 01:20:05.366402,XRPUSD,2.21033,618.1738,565.7968000000001
415047470,2025-04-23 01:20:33.811000,XRPUSD,Buy,301.350078,2.20921,market,other,1,fill,301.350078,0.0,2025-04-23 01:20:33.849898,XRPUSD,2.20802,1685.068,1383.717922
415047683,2025-04-23 01:22:22.935000,XRPUSD,Buy,497.873914,2.20913,market,other,1,partial_fill,362.887,134.986914,2025-04-23 01:22:23.008975,XRPUSD,2.20869,362.887,0.0
415047683,2025-04-23 01:22:22.935000,XRPUSD,Buy,497.873914,2.20913,market,other,2,partial_fill,23.3649,111.62201400000001,2025-04-23 01:22:22.600473,XRPUSD,2.20869,23.3649,0.0
415047683,2025-04-23 01:22:22.935000,XRPUSD,Buy,497.873914,2.20913,market,other,3,partial_fill,111.62201400000001,0.0,2025-04-23 01:22:22.350622,XRPUSD,2.20829,362.887,251.264986
415047684,2025-04-23 01:22:22.935000,XRPUSD,Buy,315.457051,2.20913,market,other,1,partial_fill,251.264986,64.19206499999999,2025-04-23 01:22:22.350622,XRPUSD,2.20829,362.887,0.0
415047684,2025-04-23 01:22:22.935000,XRPUSD,Buy,315.457051,2.20913,market,other,2,partial_fill,64.19206499999999,0.0,2025-04-23 01:22:22.248374,XRPUSD,2.20829,362.887,298.694935
415047685,2025-04-23 01:22:22.935000,XRPUSD,Buy,2120.669035,2.20913,market,other,1,partial_fill,298.694935,1821.9741,2025-04-23 01:22:22.248374,XRPUSD,2.20829,362.887,0.0
415047685,2025-04-23 01:22:22.935000,XRPUSD,Buy,2120.669035,2.20913,market,other,2,partial_fill,362.887,1459.0871,2025-04-23 01:22:21.853744,XRPUSD,2.20829,362.887,0.0
415047685,2025-04-23 01:22:22.935000,XRPUSD,Buy,2120.669035,2.20913,market,other,3,partial_fill,362.887,1096.2001,2025-04-23 01:22:21.598555,XRPUSD,2.2082,362.887,0.0
415047685,2025-04-23 01:22:22.935000,XRPUSD,Buy,2120.669035,2.20913,market,other,4,partial_fill,857.887,238.31310000000008,2025-04-23 01:22:21.493912,XRPUSD,2.20805,857.887,0.0
415047685,2025-04-23 01:22:22.935000,XRPUSD,Buy,2120.669035,2.20913,market,other,5,partial_fill,238.31310000000008,0.0,2025-04-23 01:22:21.247302,XRPUSD,2.20805,857.887,619.5738999999999
415047686,2025-04-23 01:22:22.937000,XRPUSD,Buy,0.330965,2.20913,market,other,1,fill,0.330965,0.0,2025-04-23 01:22:21.247302,XRPUSD,2.20805,857.887,619.2429349999999
415047744,2025-04-23 01:22:54.594000,XRPUSD,Buy,607.49894168,2.2099,market,other,1,partial_fill,294.71859,312.78035168,2025-04-23 01:22:54.505570,XRPUSD,2.20924,294.71859,0.0
415047744,2025-04-23 01:22:54.594000,XRPUSD,Buy,607.49894168,2.2099,market,other,2,partial_fill,294.71859,18.061761680000018,2025-04-23 01:22:54.157319,XRPUSD,2.20924,294.71859,0.0
415047744,2025-04-23 01:22:54.594000,XRPUSD,Buy,607.49894168,2.2099,market,other,3,partial_fill,18.061761680000018,0.0,2025-04-23 01:22:54.029029,XRPUSD,2.20929,76.40089,58.339128319999986
415047925,2025-04-23 01:24:35.927000,XRPUSD,Buy,146.603,2.21005,market,other,1,fill,146.603,0.0,2025-04-23 01:24:36.039560,XRPUSD,2.20917,362.887,216.284
415047937,2025-04-23 01:24:47.499000,XRPUSD,Buy,43.073,2.20999,market,other,1,fill,43.073,0.0,2025-04-23 01:24:47.373577,XRPUSD,2.20897,120.9623,77.88929999999999
415047964,2025-04-23 01:25:02.254000,XRPUSD,Buy,918.86858066,2.2096,market,other,1,fill,918.86858066,0.0,2025-04-23 01:25:02.252650,XRPUSD,2.20885,1326.2538,407.38521933999994
415047989,2025-04-23 01:25:16.735000,XRPUSD,Buy,2151.7,2.20925,market,other,1,partial_fill,226.4,1925.2999999999997,2025-04-23 01:25:16.657273,XRPUSD,2.2082,226.4,0.0
415047989,2025-04-23 01:25:16.735000,XRPUSD,Buy,2151.7,2.20925,market,other,2,partial_fill,43.30000000000001,1881.9999999999998,2025-04-23 01:25:16.540647,XRPUSD,2.208,43.30000000000001,0.0
415047989,2025-04-23 01:25:16.735000,XRPUSD,Buy,2151.7,2.20925,market,other,3,partial_fill,43.30000000000001,1838.6999999999998,2025-04-23 01:25:16.268164,XRPUSD,2.208,43.30000000000001,0.0
415047989,2025-04-23 01:25:16.735000,XRPUSD,Buy,2151.7,2.20925,market,other,4,partial_fill,43.30000000000001,1795.3999999999999,2025-04-23 01:25:15.892092,XRPUSD,2.208,43.30000000000001,0.0
415047989,2025-04-23 01:25:16.735000,XRPUSD,Buy,2151.7,2.20925,market,other,5,partial_fill,43.30000000000001,1752.1,2025-04-23 01:25:15.783103,XRPUSD,2.208,43.30000000000001,0.0
415047989,2025-04-23 01:25:16.735000,XRPUSD,Buy,2151.7,2.20925,market,other,6,partial_fill,43.30000000000001,1708.8,2025-04-23 01:25:15.518998,XRPUSD,2.208,43.30000000000001,0.0
415047989,2025-04-23 01:25:16.735000,XRPUSD,Buy,2151.7,2.20925,market,other,7,partial_fill,43.30000000000001,1665.5,2025-04-23 01:25:15.119844,XRPUSD,2.208,43.30000000000001,0.0
415047989,2025-04-23 01:25:16.735000,XRPUSD,Buy,2151.7,2.20925,market,other,8,partial_fill,43.40000000000001,1622.1,2025-04-23 01:25:15.008440,XRPUSD,2.208,43.40000000000001,0.0
415047989,2025-04-23 01:25:16.735000,XRPUSD,Buy,2151.7,2.20925,market,other,9,partial_fill,43.40000000000001,1578.6999999999998,2025-04-23 01:25:14.749999,XRPUSD,2.208,43.40000000000001,0.0
415047989,2025-04-23 01:25:16.735000,XRPUSD,Buy,2151.7,2.20925,market,other,10,partial_fill,88.70000000000002,1489.9999999999998,2025-04-23 01:25:14.403081,XRPUSD,2.208,88.70000000000002,0.0
415047989,2025-04-23 01:25:16.735000,XRPUSD,Buy,2151.7,2.20925,market,other,11,partial_fill,88.70000000000002,1401.2999999999997,2025-04-23 01:25:14.135608,XRPUSD,2.208,88.70000000000002,0.0
415047989,2025-04-23 01:25:16.735000,XRPUSD,Buy,2151.7,2.20925,market,other,12,partial_fill,225.333,1175.9669999999996,2025-04-23 01:25:14.018753,XRPUSD,2.20801,225.333,0.0
415047989,2025-04-23 01:25:16.735000,XRPUSD,Buy,2151.7,2.20925,market,other,13,partial_fill,881.9559,294.0110999999996,2025-04-23 01:25:13.778320,XRPUSD,2.20813,881.9559,0.0
415047989,2025-04-23 01:25:16.735000,XRPUSD,Buy,2151.7,2.20925,market,other,14,partial_fill,294.0110999999996,0.0,2025-04-23 01:25:13.373987,XRPUSD,2.20813,881.9559,587.9448000000004
415048125,2025-04-23 01:25:55.629000,XRPUSD,Buy,1798.71915513,2.20949,market,other,1,partial_fill,836.6143,962.10485513,2025-04-23 01:25:55.747261,XRPUSD,2.20879,836.6143,0.0
415048125,2025-04-23 01:25:55.629000,XRPUSD,Buy,1798.71915513,2.20949,market,other,2,partial_fill,226.3,735.8048551300001,2025-04-23 01:25:55.356083,XRPUSD,2.2087,226.3,0.0
415048125,2025-04-23 01:25:55.629000,XRPUSD,Buy,1798.71915513,2.20949,market,other,3,partial_fill,226.3,509.50485513000007,2025-04-23 01:25:55.110644,XRPUSD,2.2087,226.3,0.0
415048125,2025-04-23 01:25:55.629000,XRPUSD,Buy,1798.71915513,2.20949,market,other,4,partial_fill,226.3,283.20485513000006,2025-04-23 01:25:54.999861,XRPUSD,2.2087,226.3,0.0
415048125,2025-04-23 01:25:55.629000,XRPUSD,Buy,1798.71915513,2.20949,market,other,5,partial_fill,283.20485513000006,0.0,2025-04-23 01:25:54.644312,XRPUSD,2.2086,1724.7092,1441.5043448699998
415048190,2025-04-23 01:26:17.955000,XRPUSD,Buy,200.0,2.21322,market,other,1,fill,200.0,0.0,2025-04-23 01:26:18.047691,XRPUSD,2.2122,226.0,26.0
415048211,2025-04-23 01:26:22.633000,XRPUSD,Buy,70.85841576,2.21246,market,other,1,fill,70.85841576,0.0,2025-04-23 01:26:22.489118,XRPUSD,2.2113,1199.6586,1128.80018424
415048257,2025-04-23 01:26:43.957000,XRPUSD,Buy,82.079,2.21234,market,other,1,fill,82.079,0.0,2025-04-23 01:26:44.002973,XRPUSD,2.21119,1335.1125,1253.0335
415048372,2025-04-23 01:27:22.744000,XRPUSD,Buy,200.0,2.2158,market,other,1,fill,200.0,0.0,2025-04-23 01:27:22.717889,XRPUSD,2.21485,385.6723,185.6723
415048377,2025-04-23 01:27:22.800000,XRPUSD,Buy,3278.8,2.21625,market,other,1,partial_fill,185.6723,3093.1277,2025-04-23 01:27:22.717889,XRPUSD,2.21485,385.6723,0.0
415048377,2025-04-23 01:27:22.800000,XRPUSD,Buy,3278.8,2.21625,market,other,2,partial_fill,385.6723,2707.4554,2025-04-23 01:27:22.437179,XRPUSD,2.21485,385.6723,0.0
415048377,2025-04-23 01:27:22.800000,XRPUSD,Buy,3278.8,2.21625,market,other,3,partial_fill,22.9168,2684.5386,2025-04-23 01:27:22.302757,XRPUSD,2.21486,22.9168,0.0
415048377,2025-04-23 01:27:22.800000,XRPUSD,Buy,3278.8,2.21625,market,other,4,partial_fill,1121.48399,1563.05461,2025-04-23 01:27:21.743455,XRPUSD,2.21479,1121.48399,0.0
415048377,2025-04-23 01:27:22.800000,XRPUSD,Buy,3278.8,2.21625,market,other,5,partial_fill,354.184,1208.87061,2025-04-23 01:27:21.359389,XRPUSD,2.21479,354.184,0.0
415048377,2025-04-23 01:27:22.800000,XRPUSD,Buy,3278.8,2.21625,market,other,6,partial_fill,354.184,854.68661,2025-04-23 01:27:21.258279,XRPUSD,2.21479,354.184,0.0
415048377,2025-04-23 01:27:22.800000,XRPUSD,Buy,3278.8,2.21625,market,other,7,partial_fill,354.184,500.50260999999995,2025-04-23 01:27:20.999541,XRPUSD,2.21479,354.184,0.0
415048377,2025-04-23 01:27:22.800000,XRPUSD,Buy,3278.8,2.21625,market,other,8,partial_fill,500.50260999999995,0.0,2025-04-23 01:27:20.645893,XRPUSD,2.21479,849.184,348.68139
415048454,2025-04-23 01:27:54.124000,XRPUSD,Buy,44.22336,2.21502,market,other,1,fill,44.22336,0.0,2025-04-23 01:27:53.852419,XRPUSD,2.21432,1797.4365,1753.21314
415048455,2025-04-23 01:27:54.124000,XRPUSD,Buy,0.63864,2.21553,market,other,1,fill,0.63864,0.0,2025-04-23 01:27:53.852419,XRPUSD,2.21432,1797.4365,1752.5745000000002
415048528,2025-04-23 01:28:18.649000,XRPUSD,Buy,41.148,2.21796,market,other,1,fill,41.148,0.0,2025-04-23 01:28:18.406022,XRPUSD,2.21677,2254.3227,2213.1747
415048557,2025-04-23 01:28:25.197000,XRPUSD,Buy,22.181,2.21765,market,other,1,fill,22.181,0.0,2025-04-23 01:28:25.258379,XRPUSD,2.21662,555.7813,533.6003
415048584,2025-04-23 01:28:34.839000,XRPUSD,Buy,1162.708718,2.21626,market,other,1,partial_fill,782.8845,379.8242180000001,2025-04-23 01:28:34.850998,XRPUSD,2.21521,782.8845,0.0
415048584,2025-04-23 01:28:34.839000,XRPUSD,Buy,1162.708718,2.21626,market,other,2,partial_fill,379.8242180000001,0.0,2025-04-23 01:28:34.746282,XRPUSD,2.21521,758.6618,378.8375819999999
415048639,2025-04-23 01:28:58.534000,XRPUSD,Buy,0.491,2.2163,market,other,1,fill,0.491,0.0,2025-04-23 01:28:58.510719,XRPUSD,2.21546,159.3189,158.8279
415048733,2025-04-23 01:29:32.151000,XRPUSD,Buy,34.589766,2.21447,market,other,1,fill,34.589766,0.0,2025-04-23 01:29:32.183424,XRPUSD,2.21343,1188.03299,1153.4432239999999
415048765,2025-04-23 01:29:40.935000,XRPUSD,Buy,44.769,2.21471,market,other,1,fill,44.769,0.0,2025-04-23 01:29:41.004762,XRPUSD,2.21385,120.4235,75.65450000000001
415048916,2025-04-23 01:30:47.354000,XRPUSD,Buy,19.938,2.21427,market,other,1,fill,19.938,0.0,2025-04-23 01:30:47.237406,XRPUSD,2.21334,362.887,342.949
415049001,2025-04-23 01:31:40.310000,XRPUSD,Buy,116.39750992,2.21672,market,other,1,fill,116.39750992,0.0,2025-04-23 01:31:40.282429,XRPUSD,2.21575,680.92,564.5224900799999
415049113,2025-04-23 01:32:30.092000,XRPUSD,Buy,134.713,2.21289,market,other,1,fill,134.713,0.0,2025-04-23 01:32:30.129534,XRPUSD,2.21201,1435.509,1300.796
415049193,2025-04-23 01:33:14.078000,XRPUSD,Buy,5.626366,2.21295,market,other,1,fill,5.626366,0.0,2025-04-23 01:33:13.998948,XRPUSD,2.21226,693.033,687.406634
415049241,2025-04-23 01:33:36.276000,XRPUSD,Buy,73.268,2.20947,market,other,1,fill,73.268,0.0,2025-04-23 01:33:36.281984,XRPUSD,2.2084,1370.5714,1297.3034
415049376,2025-04-23 01:34:30.983000,XRPUSD,Buy,58.368,2.20841,market,other,1,fill,58.368,0.0,2025-04-23 01:34:30.997768,XRPUSD,2.2074,1434.1711,1375.8031
415049550,2025-04-23 01:35:12.333000,XRPUSD,Buy,4530.49584269,2.20727,market,other,1,partial_fill,16.7,4513.79584269,2025-04-23 01:35:12.254356,XRPUSD,2.2056,16.7,0.0
415049550,2025-04-23 01:35:12.333000,XRPUSD,Buy,4530.49584269,2.20727,market,other,2,partial_fill,226.6,4287.19584269,2025-04-23 01:35:11.926774,XRPUSD,2.2056,226.6,0.0
415049550,2025-04-23 01:35:12.333000,XRPUSD,Buy,4530.49584269,2.20727,market,other,3,partial_fill,226.6,4060.59584269,2025-04-23 01:35:11.651763,XRPUSD,2.2056,226.6,0.0
415049550,2025-04-23 01:35:12.333000,XRPUSD,Buy,4530.49584269,2.20727,market,other,4,partial_fill,226.6,3833.9958426900002,2025-04-23 01:35:11.519871,XRPUSD,2.2057,226.6,0.0
415049550,2025-04-23 01:35:12.333000,XRPUSD,Buy,4530.49584269,2.20727,market,other,5,partial_fill,226.6,3607.3958426900003,2025-04-23 01:35:11.177984,XRPUSD,2.2057,226.6,0.0
415049550,2025-04-23 01:35:12.333000,XRPUSD,Buy,4530.49584269,2.20727,market,other,6,partial_fill,226.6,3380.7958426900004,2025-04-23 01:35:10.908236,XRPUSD,2.2057,226.6,0.0
415049550,2025-04-23 01:35:12.333000,XRPUSD,Buy,4530.49584269,2.20727,market,other,7,partial_fill,226.6,3154.1958426900005,2025-04-23 01:35:10.800484,XRPUSD,2.2057,226.6,0.0
415049550,2025-04-23 01:35:12.333000,XRPUSD,Buy,4530.49584269,2.20727,market,other,8,partial_fill,226.7,2927.4958426900007,2025-04-23 01:35:10.531863,XRPUSD,2.2053,226.7,0.0
415049550,2025-04-23 01:35:12.333000,XRPUSD,Buy,4530.49584269,2.20727,market,other,9,partial_fill,226.7,2700.795842690001,2025-04-23 01:35:10.276382,XRPUSD,2.2053,226.7,0.0
415049550,2025-04-23 01:35:12.333000,XRPUSD,Buy,4530.49584269,2.20727,market,other,10,partial_fill,1543.9709,1156.8249426900009,2025-04-23 01:35:10.157060,XRPUSD,2.2051,1543.9709,0.0
415049550,2025-04-23 01:35:12.333000,XRPUSD,Buy,4530.49584269,2.20727,market,other,11,partial_fill,226.7,930.1249426900008,2025-04-23 01:35:09.926293,XRPUSD,2.2051,226.7,0.0
415049550,2025-04-23 01:35:12.333000,XRPUSD,Buy,4530.49584269,2.20727,market,other,12,partial_fill,226.7,703.4249426900008,2025-04-23 01:35:09.681974,XRPUSD,2.2051,226.7,0.0
415049550,2025-04-23 01:35:12.333000,XRPUSD,Buy,4530.49584269,2.20727,market,other,13,partial_fill,226.7,476.7249426900008,2025-04-23 01:35:09.554169,XRPUSD,2.2051,226.7,0.0
415049550,2025-04-23 01:35:12.333000,XRPUSD,Buy,4530.49584269,2.20727,market,other,14,partial_fill,476.7249426900008,0.0,2025-04-23 01:35:09.311362,XRPUSD,2.205,1320.7849,844.0599573099994
415049551,2025-04-23 01:35:12.333000,XRPUSD,Buy,5.283251,2.20733,market,other,1,fill,5.283251,0.0,2025-04-23 01:35:09.311362,XRPUSD,2.205,1320.7849,838.7767063099994
415049552,2025-04-23 01:35:12.333000,XRPUSD,Buy,1805.95921123,2.20741,market,other,1,partial_fill,838.7767063099994,967.1825049200005,2025-04-23 01:35:09.311362,XRPUSD,2.205,1320.7849,0.0
415049552,2025-04-23 01:35:12.333000,XRPUSD,Buy,1805.95921123,2.20741,market,other,2,partial_fill,330.7849,636.3976049200005,2025-04-23 01:35:09.048721,XRPUSD,2.205,330.7849,0.0
415049552,2025-04-23 01:35:12.333000,XRPUSD,Buy,1805.95921123,2.20741,market,other,3,partial_fill,104.0849,532.3127049200004,2025-04-23 01:35:08.916367,XRPUSD,2.205,104.0849,0.0
415049552,2025-04-23 01:35:12.333000,XRPUSD,Buy,1805.95921123,2.20741,market,other,4,partial_fill,104.0849,428.22780492000044,2025-04-23 01:35:08.531967,XRPUSD,2.205,104.0849,0.0
415049552,2025-04-23 01:35:12.333000,XRPUSD,Buy,1805.95921123,2.20741,market,other,5,partial_fill,104.0849,324.14290492000043,2025-04-23 01:35:07.889849,XRPUSD,2.205,104.0849,0.0
415049552,2025-04-23 01:35:12.333000,XRPUSD,Buy,1805.95921123,2.20741,market,other,6,partial_fill,104.0849,220.05800492000043,2025-04-23 01:35:07.769067,XRPUSD,2.205,104.0849,0.0
415049552,2025-04-23 01:35:12.333000,XRPUSD,Buy,1805.95921123,2.20741,market,other,7,partial_fill,220.05800492000043,0.0,2025-04-23 01:35:07.496320,XRPUSD,2.205,254.4159,34.357895079999565
415049553,2025-04-23 01:35:12.338000,XRPUSD,Buy,1137.04078877,2.20741,market,other,1,partial_fill,34.357895079999565,1102.6828936900006,2025-04-23 01:35:07.496320,XRPUSD,2.205,254.4159,0.0
415049553,2025-04-23 01:35:12.338000,XRPUSD,Buy,1137.04078877,2.20741,market,other,2,partial_fill,254.4159,848.2669936900006,2025-04-23 01:35:07.098293,XRPUSD,2.205,254.4159,0.0
415049553,2025-04-23 01:35:12.338000,XRPUSD,Buy,1137.04078877,2.20741,market,other,3,partial_fill,254.4159,593.8510936900007,2025-04-23 01:35:06.848233,XRPUSD,2.205,254.4159,0.0
415049553,2025-04-23 01:35:12.338000,XRPUSD,Buy,1137.04078877,2.20741,market,other,4,partial_fill,254.4159,339.4351936900007,2025-04-23 01:35:06.735143,XRPUSD,2.205,254.4159,0.0
415049553,2025-04-23 01:35:12.338000,XRPUSD,Buy,1137.04078877,2.20741,market,other,5,partial_fill,254.4159,85.0192936900007,2025-04-23 01:35:06.369290,XRPUSD,2.205,254.4159,0.0
415049553,2025-04-23 01:35:12.338000,XRPUSD,Buy,1137.04078877,2.20741,market,other,6,partial_fill,85.0192936900007,0.0,2025-04-23 01:35:06.098879,XRPUSD,2.205,254.4159,169.3966063099993
415049656,2025-04-23 01:35:44.712000,XRPUSD,Buy,82.097,2.20671,market,other,1,fill,82.097,0.0,2025-04-23 01:35:44.783535,XRPUSD,2.20563,1428.3632,1346.2662
415049673,2025-04-23 01:35:48.663000,XRPUSD,Buy,43.04,2.20713,market,other,1,fill,43.04,0.0,2025-04-23 01:35:48.744653,XRPUSD,2.2065,226.6,183.56
415049685,2025-04-23 01:35:54.433000,XRPUSD,Buy,25.757564,2.20856,market,other,1,fill,25.757564,0.0,2025-04-23 01:35:54.399662,XRPUSD,2.208,226.4,200.642436
415049686,2025-04-23 01:35:54.433000,XRPUSD,Buy,200.846988,2.20856,market,other,1,partial_fill,200.642436,0.20455200000000673,2025-04-23 01:35:54.399662,XRPUSD,2.208,226.4,0.0
415049686,2025-04-23 01:35:54.433000,XRPUSD,Buy,200.846988,2.20856,market,other,2,partial_fill,0.20455200000000673,0.0,2025-04-23 01:35:54.261419,XRPUSD,2.208,226.4,226.195448
415049725,2025-04-23 01:36:05.332000,XRPUSD,Buy,24.971708,2.21047,market,other,1,fill,24.971708,0.0,2025-04-23 01:36:05.374477,XRPUSD,2.20967,362.887,337.915292
415049732,2025-04-23 01:36:12.080000,XRPUSD,Buy,3.138,2.21154,market,other,1,fill,3.138,0.0,2025-04-23 01:36:11.870698,XRPUSD,2.21014,1711.9603,1708.8223
415049790,2025-04-23 01:36:29.954000,XRPUSD,Buy,5.999,2.21201,market,other,1,fill,5.999,0.0,2025-04-23 01:36:29.867558,XRPUSD,2.21086,1085.9291,1079.9301
415049808,2025-04-23 01:36:46.571000,XRPUSD,Buy,1.345,2.21125,market,other,1,fill,1.345,0.0,2025-04-23 01:36:46.627364,XRPUSD,2.21043,530.936,529.591
415049842,2025-04-23 01:36:59.229000,XRPUSD,Buy,887.3,2.21126,market,other,1,fill,887.3,0.0,2025-04-23 01:36:59.151950,XRPUSD,2.21044,1080.5116,193.2116000000001
415049843,2025-04-23 01:36:59.229000,XRPUSD,Buy,2151.7,2.21126,market,other,1,partial_fill,193.2116000000001,1958.4883999999997,2025-04-23 01:36:59.151950,XRPUSD,2.21044,1080.5116,0.0
415049843,2025-04-23 01:36:59.229000,XRPUSD,Buy,2151.7,2.21126,market,other,2,partial_fill,800.3448,1158.1435999999999,2025-04-23 01:36:58.863671,XRPUSD,2.21044,800.3448,0.0
415049843,2025-04-23 01:36:59.229000,XRPUSD,Buy,2151.7,2.21126,market,other,3,partial_fill,800.3448,357.7987999999999,2025-04-23 01:36:58.733193,XRPUSD,2.21044,800.3448,0.0
415049843,2025-04-23 01:36:59.229000,XRPUSD,Buy,2151.7,2.21126,market,other,4,partial_fill,357.7987999999999,0.0,2025-04-23 01:36:58.386333,XRPUSD,2.21044,541.2395,183.4407000000001
415049844,2025-04-23 01:37:00.259000,XRPUSD,Buy,200.0,2.21149,market,other,1,fill,200.0,0.0,2025-04-23 01:37:00.259195,XRPUSD,2.21044,1295.3448,1095.3448
415049993,2025-04-23 01:37:48.823000,XRPUSD,Buy,448.764,2.20888,market,other,1,fill,448.764,0.0,2025-04-23 01:37:48.854260,XRPUSD,2.20779,1325.1147,876.3507000000001
415050241,2025-04-23 01:39:34.648000,XRPUSD,Buy,55.6025,2.20559,market,other,1,fill,55.6025,0.0,2025-04-23 01:39:34.536516,XRPUSD,2.20522,1758.1889,1702.5864000000001
415050242,2025-04-23 01:39:34.667000,XRPUSD,Buy,4.4e-05,2.20559,market,other,1,fill,4.4e-05,0.0,2025-04-23 01:39:34.536516,XRPUSD,2.20522,1758.1889,1702.5863560000003
415050338,2025-04-23 01:40:25.091000,XRPUSD,Buy,212.812,2.20556,market,other,1,partial_fill,128.4419,84.37010000000001,2025-04-23 01:40:25.124097,XRPUSD,2.2046,128.4419,0.0
415050338,2025-04-23 01:40:25.091000,XRPUSD,Buy,212.812,2.20556,market,other,2,partial_fill,84.37010000000001,0.0,2025-04-23 01:40:24.995414,XRPUSD,2.2046,1413.2516,1328.8815
415050427,2025-04-23 01:41:24.762000,XRPUSD,Buy,4.497,2.2044,market,other,1,fill,4.497,0.0,2025-04-23 01:41:24.775299,XRPUSD,2.20375,1778.0623,1773.5653
415050469,2025-04-23 01:41:37.613000,XRPUSD,Buy,2137.727481,2.20433,market,other,1,partial_fill,1623.7704,513.9570809999998,2025-04-23 01:41:37.491482,XRPUSD,2.20367,1623.7704,0.0
415050469,2025-04-23 01:41:37.613000,XRPUSD,Buy,2137.727481,2.20433,market,other,2,partial_fill,513.9570809999998,0.0,2025-04-23 01:41:37.133636,XRPUSD,2.20367,1623.7704,1109.8133190000003
415050522,2025-04-23 01:42:09.972000,XRPUSD,Buy,4.498,2.204,market,other,1,fill,4.498,0.0,2025-04-23 01:42:10.017311,XRPUSD,2.203,2119.9511,2115.4531
415050651,2025-04-23 01:43:05.201000,XRPUSD,Buy,539.674,2.20481,market,other,1,fill,539.674,0.0,2025-04-23 01:43:05.263928,XRPUSD,2.20373,918.3009,378.6269
415050744,2025-04-23 01:43:35.681000,XRPUSD,Buy,117.79,2.20355,market,other,1,fill,117.79,0.0,2025-04-23 01:43:35.379963,XRPUSD,2.2029,495.0,377.21
415050777,2025-04-23 01:43:51.716000,XRPUSD,Buy,6.1578,2.20373,market,other,1,fill,6.1578,0.0,2025-04-23 01:43:51.748402,XRPUSD,2.2033,226.9,220.7422
415050795,2025-04-23 01:43:58.543000,XRPUSD,Buy,4.7e-05,2.20373,market,other,1,fill,4.7e-05,0.0,2025-04-23 01:43:58.360846,XRPUSD,2.20391,895.0,894.999953
415050891,2025-04-23 01:44:46.631000,XRPUSD,Buy,449.409,2.20625,market,other,1,partial_fill,159.0165,290.3925,2025-04-23 01:44:46.751241,XRPUSD,2.20553,159.0165,0.0
415050891,2025-04-23 01:44:46.631000,XRPUSD,Buy,449.409,2.20625,market,other,2,partial_fill,290.3925,0.0,2025-04-23 01:44:46.384744,XRPUSD,2.20537,892.837,602.4445000000001
415050914,2025-04-23 01:45:03.996000,XRPUSD,Buy,22.472,2.20584,market,other,1,fill,22.472,0.0,2025-04-23 01:45:03.862134,XRPUSD,2.20495,24.6776,2.2056000000000004
415050947,2025-04-23 01:45:09.467000,XRPUSD,Buy,200.0,2.2065,market,other,1,fill,200.0,0.0,2025-04-23 01:45:09.355731,XRPUSD,2.20557,2274.1767,2074.1767
415050948,2025-04-23 01:45:09.467000,XRPUSD,Buy,908.79004395,2.20651,market,other,1,fill,908.79004395,0.0,2025-04-23 01:45:09.355731,XRPUSD,2.20557,2274.1767,1165.38665605
415051022,2025-04-23 01:45:29.944000,XRPUSD,Buy,200.0,2.20709,market,other,1,fill,200.0,0.0,2025-04-23 01:45:29.898211,XRPUSD,2.20629,913.6984,713.6984
415051023,2025-04-23 01:45:29.944000,XRPUSD,Buy,22.325,2.2071,market,other,1,fill,22.325,0.0,2025-04-23 01:45:29.898211,XRPUSD,2.20629,913.6984,691.3734
415051077,2025-04-23 01:45:53.725000,XRPUSD,Buy,2.247,2.20583,market,other,1,fill,2.247,0.0,2025-04-23 01:45:53.651892,XRPUSD,2.20467,455.8114,453.5644
415051193,2025-04-23 01:47:03.875000,XRPUSD,Buy,206.504,2.20253,market,other,1,fill,206.504,0.0,2025-04-23 01:47:03.843341,XRPUSD,2.20166,320.3614,113.85740000000001
415051410,2025-04-23 01:48:11.447000,XRPUSD,Buy,21.45,2.20281,market,other,1,fill,21.45,0.0,2025-04-23 01:48:11.503543,XRPUSD,2.20202,218.4989,197.0489
415051653,2025-04-23 01:49:35.520000,XRPUSD,Buy,11.125527,2.20185,market,other,1,fill,11.125527,0.0,2025-04-23 01:49:35.441830,XRPUSD,2.20069,1269.1071,1257.981573
415051716,2025-04-23 01:50:10.122000,XRPUSD,Buy,1.981,2.20126,market,other,1,fill,1.981,0.0,2025-04-23 01:50:09.870759,XRPUSD,2.20047,171.629,169.648
415051962,2025-04-23 01:51:43.666000,XRPUSD,Buy,8.9299311,2.20004,market,other,1,fill,8.9299311,0.0,2025-04-23 01:51:43.754586,XRPUSD,2.19941,356.6241,347.6941689
415052103,2025-04-23 01:52:25.000000,XRPUSD,Buy,200.0,2.1985,market,other,1,fill,200.0,0.0,2025-04-23 01:52:24.992583,XRPUSD,2.19756,950.4885,750.4885
415052246,2025-04-23 01:53:11.939000,XRPUSD,Buy,27.806,2.19762,market,other,1,partial_fill,6.869,20.937,2025-04-23 01:53:11.848168,XRPUSD,2.197,6.869,0.0
415052246,2025-04-23 01:53:11.939000,XRPUSD,Buy,27.806,2.19762,market,other,2,partial_fill,6.869,14.068000000000001,2025-04-23 01:53:11.738789,XRPUSD,2.197,6.869,0.0
415052246,2025-04-23 01:53:11.939000,XRPUSD,Buy,27.806,2.19762,market,other,3,partial_fill,6.869,7.199000000000002,2025-04-23 01:53:11.405230,XRPUSD,2.197,6.869,0.0
415052246,2025-04-23 01:53:11.939000,XRPUSD,Buy,27.806,2.19762,market,other,4,partial_fill,6.869,0.33000000000000185,2025-04-23 01:53:11.162328,XRPUSD,2.197,6.869,0.0
415052246,2025-04-23 01:53:11.939000,XRPUSD,Buy,27.806,2.19762,market,other,5,partial_fill,0.33000000000000185,0.0,2025-04-23 01:53:11.032586,XRPUSD,2.197,6.869,6.538999999999998
415052267,2025-04-23 01:53:16.655000,XRPUSD,Buy,63.33348504,2.19677,market,other,1,partial_fill,24.5292,38.804285039999996,2025-04-23 01:53:16.498002,XRPUSD,2.19629,24.5292,0.0
415052267,2025-04-23 01:53:16.655000,XRPUSD,Buy,63.33348504,2.19677,market,other,2,partial_fill,24.5292,14.275085039999997,2025-04-23 01:53:16.118140,XRPUSD,2.19629,24.5292,0.0
415052267,2025-04-23 01:53:16.655000,XRPUSD,Buy,63.33348504,2.19677,market,other,3,partial_fill,14.275085039999997,0.0,2025-04-23 01:53:15.850650,XRPUSD,2.19629,24.5292,10.254114960000003
415052471,2025-04-23 01:54:39.735000,XRPUSD,Buy,2276.0,2.1976,market,other,1,partial_fill,362.887,1913.113,2025-04-23 01:54:39.600606,XRPUSD,2.19679,362.887,0.0
415052471,2025-04-23 01:54:39.735000,XRPUSD,Buy,2276.0,2.1976,market,other,2,partial_fill,362.887,1550.226,2025-04-23 01:54:39.365508,XRPUSD,2.19679,362.887,0.0
415052471,2025-04-23 01:54:39.735000,XRPUSD,Buy,2276.0,2.1976,market,other,3,partial_fill,362.887,1187.3390000000002,2025-04-23 01:54:39.245779,XRPUSD,2.19679,362.887,0.0
415052471,2025-04-23 01:54:39.735000,XRPUSD,Buy,2276.0,2.1976,market,other,4,partial_fill,575.727,611.6120000000002,2025-04-23 01:54:38.992063,XRPUSD,2.19661,575.727,0.0
415052471,2025-04-23 01:54:39.735000,XRPUSD,Buy,2276.0,2.1976,market,other,5,partial_fill,575.727,35.88500000000022,2025-04-23 01:54:38.597028,XRPUSD,2.19661,575.727,0.0
415052471,2025-04-23 01:54:39.735000,XRPUSD,Buy,2276.0,2.1976,market,other,6,partial_fill,35.88500000000022,0.0,2025-04-23 01:54:38.489492,XRPUSD,2.19636,1601.5009,1565.6158999999998
415052680,2025-04-23 01:55:41.537000,XRPUSD,Buy,63.323,2.19637,market,other,1,fill,63.323,0.0,2025-04-23 01:55:41.514401,XRPUSD,2.19545,733.7636,670.4406
415052681,2025-04-23 01:55:42.624000,XRPUSD,Buy,1.805,2.19637,market,other,1,fill,1.805,0.0,2025-04-23 01:55:42.589235,XRPUSD,2.19554,1228.9771,1227.1721
415052705,2025-04-23 01:55:56.606000,XRPUSD,Buy,134.655,2.198,market,other,1,fill,134.655,0.0,2025-04-23 01:55:56.499248,XRPUSD,2.19609,244.9938,110.33879999999999
415052806,2025-04-23 01:56:43.839000,XRPUSD,Buy,158.0351,2.19865,market,other,1,fill,158.0351,0.0,2025-04-23 01:56:43.632769,XRPUSD,2.19817,1160.545,1002.5099
415052828,2025-04-23 01:56:56.055000,XRPUSD,Buy,2.9e-05,2.19865,market,other,1,fill,2.9e-05,0.0,2025-04-23 01:56:56.052896,XRPUSD,2.19821,252.3725,252.372471
415052829,2025-04-23 01:56:56.055000,XRPUSD,Buy,260.058171,2.19871,market,other,1,partial_fill,252.372471,7.6857000000000255,2025-04-23 01:56:56.052896,XRPUSD,2.19821,252.3725,0.0
415052829,2025-04-23 01:56:56.055000,XRPUSD,Buy,260.058171,2.19871,market,other,2,partial_fill,7.6857000000000255,0.0,2025-04-23 01:56:55.761575,XRPUSD,2.19821,1412.9175,1405.2318
415052977,2025-04-23 01:58:04.821000,XRPUSD,Buy,607.5,2.19856,market,other,1,fill,607.5,0.0,2025-04-23 01:58:04.756422,XRPUSD,2.1979,708.2095,100.70950000000005
415053223,2025-04-23 01:59:11.480000,XRPUSD,Buy,993.0,2.19512,market,other,1,fill,993.0,0.0,2025-04-23 01:59:11.381557,XRPUSD,2.19454,1287.4715,294.4715000000001
415053224,2025-04-23 01:59:11.684000,XRPUSD,Buy,607.5,2.19512,market,other,1,fill,607.5,0.0,2025-04-23 01:59:11.651926,XRPUSD,2.19476,1104.5849,497.08490000000006
415053225,2025-04-23 01:59:11.873000,XRPUSD,Buy,4400.00356604,2.19512,market,other,1,partial_fill,680.92,3719.08356604,2025-04-23 01:59:11.978474,XRPUSD,2.19509,680.92,0.0
415053225,2025-04-23 01:59:11.873000,XRPUSD,Buy,4400.00356604,2.19512,market,other,2,partial_fill,497.08490000000006,3221.99866604,2025-04-23 01:59:11.651926,XRPUSD,2.19476,1104.5849,0.0
415053225,2025-04-23 01:59:11.873000,XRPUSD,Buy,4400.00356604,2.19512,market,other,3,partial_fill,294.4715000000001,2927.52716604,2025-04-23 01:59:11.381557,XRPUSD,2.19454,1287.4715,0.0
415053225,2025-04-23 01:59:11.873000,XRPUSD,Buy,4400.00356604,2.19512,market,other,4,partial_fill,1287.4715,1640.0556660399998,2025-04-23 01:59:11.267192,XRPUSD,2.19454,1287.4715,0.0
415053225,2025-04-23 01:59:11.873000,XRPUSD,Buy,4400.00356604,2.19512,market,other,5,partial_fill,680.92,959.1356660399998,2025-04-23 01:59:11.015237,XRPUSD,2.19454,680.92,0.0
415053225,2025-04-23 01:59:11.873000,XRPUSD,Buy,4400.00356604,2.19512,market,other,6,partial_fill,680.92,278.21566603999986,2025-04-23 01:59:10.601637,XRPUSD,2.19454,680.92,0.0
415053225,2025-04-23 01:59:11.873000,XRPUSD,Buy,4400.00356604,2.19512,market,other,7,partial_fill,278.21566603999986,0.0,2025-04-23 01:59:10.492144,XRPUSD,2.19454,362.887,84.67133396000014
415053226,2025-04-23 01:59:11.896000,XRPUSD,Buy,2080.424,2.19512,market,other,1,partial_fill,84.67133396000014,1995.75266604,2025-04-23 01:59:10.492144,XRPUSD,2.19454,362.887,0.0
415053226,2025-04-23 01:59:11.896000,XRPUSD,Buy,2080.424,2.19512,market,other,2,partial_fill,362.887,1632.86566604,2025-04-23 01:59:10.238039,XRPUSD,2.19454,362.887,0.0
415053226,2025-04-23 01:59:11.896000,XRPUSD,Buy,2080.424,2.19512,market,other,3,partial_fill,362.887,1269.97866604,2025-04-23 01:59:09.873581,XRPUSD,2.19454,362.887,0.0
415053226,2025-04-23 01:59:11.896000,XRPUSD,Buy,2080.424,2.19512,market,other,4,partial_fill,362.887,907.0916660400001,2025-04-23 01:59:09.758105,XRPUSD,2.19454,362.887,0.0
415053226,2025-04-23 01:59:11.896000,XRPUSD,Buy,2080.424,2.19512,market,other,5,partial_fill,367.9068,539.1848660400001,2025-04-23 01:59:09.508185,XRPUSD,2.19408,367.9068,0.0
415053226,2025-04-23 01:59:11.896000,XRPUSD,Buy,2080.424,2.19512,market,other,6,partial_fill,13.6714,525.5134660400001,2025-04-23 01:59:09.101222,XRPUSD,2.19435,13.6714,0.0
415053226,2025-04-23 01:59:11.896000,XRPUSD,Buy,2080.424,2.19512,market,other,7,partial_fill,362.887,162.62646604000014,2025-04-23 01:59:09.000501,XRPUSD,2.19454,362.887,0.0
415053226,2025-04-23 01:59:11.896000,XRPUSD,Buy,2080.424,2.19512,market,other,8,partial_fill,162.62646604000014,0.0,2025-04-23 01:59:08.741004,XRPUSD,2.19454,362.887,200.26053395999986
415053227,2025-04-23 01:59:11.913000,XRPUSD,Buy,607.5,2.19512,market,other,1,partial_fill,200.26053395999986,407.23946604000014,2025-04-23 01:59:08.741004,XRPUSD,2.19454,362.887,0.0
415053227,2025-04-23 01:59:11.913000,XRPUSD,Buy,607.5,2.19512,market,other,2,partial_fill,407.23946604000014,0.0,2025-04-23 01:59:08.460209,XRPUSD,2.19445,1073.4744,666.2349339599999
415053228,2025-04-23 01:59:11.917000,XRPUSD,Buy,1800.0,2.19512,market,other,1,partial_fill,666.2349339599999,1133.76506604,2025-04-23 01:59:08.460209,XRPUSD,2.19445,1073.4744,0.0
415053228,2025-04-23 01:59:11.917000,XRPUSD,Buy,1800.0,2.19512,market,other,2,partial_fill,1073.4744,60.290666039999905,2025-04-23 01:59:08.238841,XRPUSD,2.19445,1073.4744,0.0
415053228,2025-04-23 01:59:11.917000,XRPUSD,Buy,1800.0,2.19512,market,other,3,partial_fill,60.290666039999905,0.0,2025-04-23 01:59:08.139655,XRPUSD,2.19458,1175.92,1115.6293339600002
415053230,2025-04-23 01:59:11.928000,XRPUSD,Buy,831.36168359,2.19512,market,other,1,fill,831.36168359,0.0,2025-04-23 01:59:08.139655,XRPUSD,2.19458,1175.92,284.2676503700002
415053233,2025-04-23 01:59:12.003000,XRPUSD,Buy,1561.0372,2.19514,market,other,1,partial_fill,284.2676503700002,1276.7695496299998,2025-04-23 01:59:08.139655,XRPUSD,2.19458,1175.92,0.0
415053233,2025-04-23 01:59:12.003000,XRPUSD,Buy,1561.0372,2.19514,market,other,2,partial_fill,1271.218,5.551549629999727,2025-04-23 01:59:07.884944,XRPUSD,2.19452,1271.218,0.0
415053233,2025-04-23 01:59:12.003000,XRPUSD,Buy,1561.0372,2.19514,market,other,3,partial_fill,5.551549629999727,0.0,2025-04-23 01:59:07.631131,XRPUSD,2.19495,1175.92,1170.3684503700003
415053234,2025-04-23 01:59:12.037000,XRPUSD,Buy,7.99e-06,2.19514,market,other,1,fill,7.99e-06,0.0,2025-04-23 01:59:07.631131,XRPUSD,2.19495,1175.92,1170.3684423800003
415053259,2025-04-23 01:59:21.167000,XRPUSD,Buy,1561.0,2.19672,market,other,1,partial_fill,544.6372,1016.3628,2025-04-23 01:59:21.247546,XRPUSD,2.1964,544.6372,0.0
415053259,2025-04-23 01:59:21.167000,XRPUSD,Buy,1561.0,2.19672,market,other,2,partial_fill,1016.3628,0.0,2025-04-23 01:59:20.860445,XRPUSD,2.1964,1198.6537,182.29090000000008
415053311,2025-04-23 01:59:43.771000,XRPUSD,Buy,10.0,2.19745,market,other,1,fill,10.0,0.0,2025-04-23 01:59:43.770964,XRPUSD,2.19669,1941.7978,1931.7978
415053346,2025-04-23 02:00:03.101000,XRPUSD,Buy,453.0,2.19662,market,other,1,fill,453.0,0.0,2025-04-23 02:00:03.276060,XRPUSD,2.19655,1531.1915,1078.1915
415053347,2025-04-23 02:00:03.112000,XRPUSD,Buy,4184.17698248,2.19662,market,other,1,partial_fill,1078.1915,3105.9854824800004,2025-04-23 02:00:03.276060,XRPUSD,2.19655,1531.1915,0.0
415053347,2025-04-23 02:00:03.112000,XRPUSD,Buy,4184.17698248,2.19662,market,other,2,partial_fill,813.033,2292.9524824800005,2025-04-23 02:00:02.865448,XRPUSD,2.19644,813.033,0.0
415053347,2025-04-23 02:00:03.112000,XRPUSD,Buy,4184.17698248,2.19662,market,other,3,partial_fill,813.033,1479.9194824800006,2025-04-23 02:00:02.764684,XRPUSD,2.19644,813.033,0.0
415053347,2025-04-23 02:00:03.112000,XRPUSD,Buy,4184.17698248,2.19662,market,other,4,partial_fill,1479.9194824800006,0.0,2025-04-23 02:00:02.500517,XRPUSD,2.196,1706.909,226.98951751999948
415053348,2025-04-23 02:00:03.116000,XRPUSD,Buy,369.71699586,2.19662,market,other,1,partial_fill,226.98951751999948,142.72747834000052,2025-04-23 02:00:02.500517,XRPUSD,2.196,1706.909,0.0
415053348,2025-04-23 02:00:03.116000,XRPUSD,Buy,369.71699586,2.19662,market,other,2,partial_fill,142.72747834000052,0.0,2025-04-23 02:00:02.155635,XRPUSD,2.196,1461.909,1319.1815216599996
415053492,2025-04-23 02:00:38.029000,XRPUSD,Buy,2521.05797032,2.19766,market,other,1,partial_fill,1127.6302,1393.42777032,2025-04-23 02:00:38.033913,XRPUSD,2.19737,1127.6302,0.0
415053492,2025-04-23 02:00:38.029000,XRPUSD,Buy,2521.05797032,2.19766,market,other,2,partial_fill,1127.6302,265.79757032,2025-04-23 02:00:37.648070,XRPUSD,2.19737,1127.6302,0.0
415053492,2025-04-23 02:00:38.029000,XRPUSD,Buy,2521.05797032,2.19766,market,other,3,partial_fill,265.79757032,0.0,2025-04-23 02:00:37.525813,XRPUSD,2.19737,1127.6302,861.8326296800001
415053584,2025-04-23 02:01:16.212000,XRPUSD,Buy,26.434,2.19843,market,other,1,fill,26.434,0.0,2025-04-23 02:01:16.247345,XRPUSD,2.19768,362.887,336.453
415053647,2025-04-23 02:01:50.054000,XRPUSD,Buy,10.88,2.19984,market,other,1,fill,10.88,0.0,2025-04-23 02:01:49.871523,XRPUSD,2.1994,227.3,216.42000000000002
415053837,2025-04-23 02:03:23.555000,XRPUSD,Buy,6.764,2.19849,market,other,1,fill,6.764,0.0,2025-04-23 02:03:23.357635,XRPUSD,2.19792,857.887,851.1229999999999
415053870,2025-04-23 02:03:40.286000,XRPUSD,Buy,5.0,2.19885,market,other,1,fill,5.0,0.0,2025-04-23 02:03:40.259533,XRPUSD,2.19809,342.8346,337.8346
415054054,2025-04-23 02:04:56.897000,XRPUSD,Buy,296.26609175,2.20206,market,other,1,fill,296.26609175,0.0,2025-04-23 02:04:57.003478,XRPUSD,2.2012,1921.4833,1625.21720825
415054143,2025-04-23 02:05:11.194000,XRPUSD,Buy,628.04828,2.19998,market,other,1,partial_fill,187.0782,440.97007999999994,2025-04-23 02:05:11.223567,XRPUSD,2.19919,187.0782,0.0
415054143,2025-04-23 02:05:11.194000,XRPUSD,Buy,628.04828,2.19998,market,other,2,partial_fill,440.97007999999994,0.0,2025-04-23 02:05:10.887680,XRPUSD,2.19927,1199.7728,758.80272
415054649,2025-04-23 02:05:23.770000,XRPUSD,Buy,78.10868,2.20079,market,other,1,fill,78.10868,0.0,2025-04-23 02:05:23.828615,XRPUSD,2.20017,610.0073,531.8986199999999
415054697,2025-04-23 02:05:24.945000,XRPUSD,Buy,2151.7,2.2007,market,other,1,partial_fill,680.92,1470.7799999999997,2025-04-23 02:05:25.014556,XRPUSD,2.1999,680.92,0.0
415054697,2025-04-23 02:05:24.945000,XRPUSD,Buy,2151.7,2.2007,market,other,2,partial_fill,521.9035,948.8764999999997,2025-04-23 02:05:24.754184,XRPUSD,2.20017,521.9035,0.0
415054697,2025-04-23 02:05:24.945000,XRPUSD,Buy,2151.7,2.2007,market,other,3,partial_fill,362.887,585.9894999999997,2025-04-23 02:05:24.509528,XRPUSD,2.20017,362.887,0.0
415054697,2025-04-23 02:05:24.945000,XRPUSD,Buy,2151.7,2.2007,market,other,4,partial_fill,362.887,223.10249999999968,2025-04-23 02:05:24.385692,XRPUSD,2.20017,362.887,0.0
415054697,2025-04-23 02:05:24.945000,XRPUSD,Buy,2151.7,2.2007,market,other,5,partial_fill,223.10249999999968,0.0,2025-04-23 02:05:24.158371,XRPUSD,2.20017,521.9035,298.80100000000033
415054698,2025-04-23 02:05:24.945000,XRPUSD,Buy,200.0,2.20071,market,other,1,fill,200.0,0.0,2025-04-23 02:05:24.158371,XRPUSD,2.20017,521.9035,98.80100000000033
415054699,2025-04-23 02:05:24.945000,XRPUSD,Buy,226.34056,2.20071,market,other,1,partial_fill,98.80100000000033,127.53955999999968,2025-04-23 02:05:24.158371,XRPUSD,2.20017,521.9035,0.0
415054699,2025-04-23 02:05:24.945000,XRPUSD,Buy,226.34056,2.20071,market,other,2,partial_fill,127.53955999999968,0.0,2025-04-23 02:05:23.828615,XRPUSD,2.20017,610.0073,404.3590600000002
415054734,2025-04-23 02:05:25.802000,XRPUSD,Buy,1.0,2.20083,market,other,1,fill,1.0,0.0,2025-04-23 02:05:25.759358,XRPUSD,2.1999,705.8108,704.8108
415058795,2025-04-23 02:06:18.379000,XRPUSD,Buy,6.966,2.20202,market,other,1,fill,6.966,0.0,2025-04-23 02:06:18.250083,XRPUSD,2.20126,1199.7781,1192.8121
415059267,2025-04-23 02:06:21.654000,XRPUSD,Buy,249.899,2.2021,market,other,1,fill,249.899,0.0,2025-04-23 02:06:21.774167,XRPUSD,2.20126,704.7781,454.8791
415060861,2025-04-23 02:06:33.143000,XRPUSD,Buy,3824.0,2.20388,market,other,1,partial_fill,1328.52299,2495.47701,2025-04-23 02:06:33.247523,XRPUSD,2.20227,1328.52299,0.0
415060861,2025-04-23 02:06:33.143000,XRPUSD,Buy,3824.0,2.20388,market,other,2,partial_fill,1328.52299,1166.9540200000001,2025-04-23 02:06:32.850168,XRPUSD,2.20227,1328.52299,0.0
415060861,2025-04-23 02:06:33.143000,XRPUSD,Buy,3824.0,2.20388,market,other,3,partial_fill,1166.9540200000001,0.0,2025-04-23 02:06:32.747573,XRPUSD,2.20227,1598.0854,431.1313799999998
415060862,2025-04-23 02:06:33.160000,XRPUSD,Buy,6807.97191488,2.204,market,other,1,partial_fill,431.1313799999998,6376.840534880001,2025-04-23 02:06:32.747573,XRPUSD,2.20227,1598.0854,0.0
415060862,2025-04-23 02:06:33.160000,XRPUSD,Buy,6807.97191488,2.204,market,other,2,partial_fill,495.0,5881.840534880001,2025-04-23 02:06:32.495564,XRPUSD,2.20225,495.0,0.0
415060862,2025-04-23 02:06:33.160000,XRPUSD,Buy,6807.97191488,2.204,market,other,3,partial_fill,1978.2539,3903.586634880001,2025-04-23 02:06:32.097759,XRPUSD,2.20204,1978.2539,0.0
415060862,2025-04-23 02:06:33.160000,XRPUSD,Buy,6807.97191488,2.204,market,other,4,partial_fill,1628.1971,2275.3895348800006,2025-04-23 02:06:31.997059,XRPUSD,2.20199,1628.1971,0.0
415060862,2025-04-23 02:06:33.160000,XRPUSD,Buy,6807.97191488,2.204,market,other,5,partial_fill,1378.1971,897.1924348800005,2025-04-23 02:06:31.742665,XRPUSD,2.20199,1378.1971,0.0
415060862,2025-04-23 02:06:33.160000,XRPUSD,Buy,6807.97191488,2.204,market,other,6,partial_fill,897.1924348800005,0.0,2025-04-23 02:06:31.356492,XRPUSD,2.20186,1752.0617,854.8692651199995
415063374,2025-04-23 02:06:53.393000,XRPUSD,Buy,39.605,2.20199,market,other,1,fill,39.605,0.0,2025-04-23 02:06:53.382881,XRPUSD,2.20135,990.0,950.395
415066661,2025-04-23 02:07:21.964000,XRPUSD,Buy,0.391,2.20276,market,other,1,fill,0.391,0.0,2025-04-23 02:07:21.876249,XRPUSD,2.20188,1156.3665,1155.9755
415068032,2025-04-23 02:07:34.506000,XRPUSD,Buy,14.82927715,2.20239,market,other,1,fill,14.82927715,0.0,2025-04-23 02:07:34.377694,XRPUSD,2.20166,1371.87,1357.0407228499998
415070697,2025-04-23 02:07:58.367000,XRPUSD,Buy,1016.394862,2.20242,market,other,1,partial_fill,1004.0038,12.391062000000034,2025-04-23 02:07:58.358149,XRPUSD,2.20183,1004.0038,0.0
415070697,2025-04-23 02:07:58.367000,XRPUSD,Buy,1016.394862,2.20242,market,other,2,partial_fill,12.391062000000034,0.0,2025-04-23 02:07:58.103022,XRPUSD,2.20183,1004.0038,991.6127379999999
415071308,2025-04-23 02:08:05.242000,XRPUSD,Buy,607.5,2.203,market,other,1,partial_fill,139.8513,467.64869999999996,2025-04-23 02:08:05.282375,XRPUSD,2.20249,139.8513,0.0
415071308,2025-04-23 02:08:05.242000,XRPUSD,Buy,607.5,2.203,market,other,2,partial_fill,467.64869999999996,0.0,2025-04-23 02:08:05.009437,XRPUSD,2.20249,514.8513,47.202600000000075
415071309,2025-04-23 02:08:05.242000,XRPUSD,Buy,1917.5,2.20301,market,other,1,partial_fill,47.202600000000075,1870.2974,2025-04-23 02:08:05.009437,XRPUSD,2.20249,514.8513,0.0
415071309,2025-04-23 02:08:05.242000,XRPUSD,Buy,1917.5,2.20301,market,other,2,partial_fill,514.8513,1355.4461,2025-04-23 02:08:04.646512,XRPUSD,2.20249,514.8513,0.0
415071309,2025-04-23 02:08:05.242000,XRPUSD,Buy,1917.5,2.20301,market,other,3,partial_fill,514.8513,840.5947999999999,2025-04-23 02:08:04.522992,XRPUSD,2.20249,514.8513,0.0
415071309,2025-04-23 02:08:05.242000,XRPUSD,Buy,1917.5,2.20301,market,other,4,partial_fill,514.8513,325.7434999999998,2025-04-23 02:08:04.256552,XRPUSD,2.20249,514.8513,0.0
415071309,2025-04-23 02:08:05.242000,XRPUSD,Buy,1917.5,2.20301,market,other,5,partial_fill,139.8513,185.8921999999998,2025-04-23 02:08:03.879733,XRPUSD,2.20249,139.8513,0.0
415071309,2025-04-23 02:08:05.242000,XRPUSD,Buy,1917.5,2.20301,market,other,6,partial_fill,185.8921999999998,0.0,2025-04-23 02:08:03.764475,XRPUSD,2.20225,239.7721,53.87990000000019
415073133,2025-04-23 02:08:42.809000,XRPUSD,Buy,3208.0,2.2033,market,other,1,partial_fill,638.275,2569.725,2025-04-23 02:08:42.632568,XRPUSD,2.20311,638.275,0.0
415073133,2025-04-23 02:08:42.809000,XRPUSD,Buy,3208.0,2.2033,market,other,2,partial_fill,758.2751,1811.4499,2025-04-23 02:08:42.524653,XRPUSD,2.20286,758.2751,0.0
415073133,2025-04-23 02:08:42.809000,XRPUSD,Buy,3208.0,2.2033,market,other,3,partial_fill,758.2751,1053.1748000000002,2025-04-23 02:08:42.258850,XRPUSD,2.20286,758.2751,0.0
415073133,2025-04-23 02:08:42.809000,XRPUSD,Buy,3208.0,2.2033,market,other,4,partial_fill,758.2751,294.8997000000003,2025-04-23 02:08:41.853957,XRPUSD,2.20286,758.2751,0.0
415073133,2025-04-23 02:08:42.809000,XRPUSD,Buy,3208.0,2.2033,market,other,5,partial_fill,294.8997000000003,0.0,2025-04-23 02:08:41.749991,XRPUSD,2.20286,758.2751,463.3753999999997
415074287,2025-04-23 02:09:20.816000,XRPUSD,Buy,200.0,2.20251,market,other,1,fill,200.0,0.0,2025-04-23 02:09:20.653878,XRPUSD,2.20221,1565.884,1365.884
415074326,2025-04-23 02:09:29.912000,XRPUSD,Buy,4377.0,2.20277,market,other,1,partial_fill,227.0,4150.0,2025-04-23 02:09:29.899867,XRPUSD,2.2023,227.0,0.0
415074326,2025-04-23 02:09:29.912000,XRPUSD,Buy,4377.0,2.20277,market,other,2,partial_fill,227.0,3923.0,2025-04-23 02:09:29.670262,XRPUSD,2.2023,227.0,0.0
415074326,2025-04-23 02:09:29.912000,XRPUSD,Buy,4377.0,2.20277,market,other,3,partial_fill,227.0,3696.0,2025-04-23 02:09:29.321574,XRPUSD,2.2023,227.0,0.0
415074326,2025-04-23 02:09:29.912000,XRPUSD,Buy,4377.0,2.20277,market,other,4,partial_fill,916.8366,2779.1634,2025-04-23 02:09:29.209460,XRPUSD,2.20223,916.8366,0.0
415074326,2025-04-23 02:09:29.912000,XRPUSD,Buy,4377.0,2.20277,market,other,5,partial_fill,916.8366,1862.3267999999998,2025-04-23 02:09:28.623830,XRPUSD,2.20223,916.8366,0.0
415074326,2025-04-23 02:09:29.912000,XRPUSD,Buy,4377.0,2.20277,market,other,6,partial_fill,671.8366,1190.4901999999997,2025-04-23 02:09:28.354160,XRPUSD,2.20223,671.8366,0.0
415074326,2025-04-23 02:09:29.912000,XRPUSD,Buy,4377.0,2.20277,market,other,7,partial_fill,671.8366,518.6535999999998,2025-04-23 02:09:28.248810,XRPUSD,2.20223,671.8366,0.0
415074326,2025-04-23 02:09:29.912000,XRPUSD,Buy,4377.0,2.20277,market,other,8,partial_fill,518.6535999999998,0.0,2025-04-23 02:09:27.995303,XRPUSD,2.20222,774.9629,256.30930000000023
415074402,2025-04-23 02:10:06.371000,XRPUSD,Buy,75.0,2.20163,market,other,1,fill,75.0,0.0,2025-04-23 02:10:06.373018,XRPUSD,2.201,684.0273,609.0273
415074409,2025-04-23 02:10:09.516000,XRPUSD,Buy,2151.7,2.2016,market,other,1,partial_fill,213.2638,1938.4361999999999,2025-04-23 02:10:09.557358,XRPUSD,2.201,213.2638,0.0
415074409,2025-04-23 02:10:09.516000,XRPUSD,Buy,2151.7,2.2016,market,other,2,partial_fill,525.553,1412.8831999999998,2025-04-23 02:10:09.663325,XRPUSD,2.201,525.553,0.0
415074409,2025-04-23 02:10:09.516000,XRPUSD,Buy,2151.7,2.2016,market,other,3,partial_fill,953.2638,459.6193999999998,2025-04-23 02:10:09.261626,XRPUSD,2.201,953.2638,0.0
415074409,2025-04-23 02:10:09.516000,XRPUSD,Buy,2151.7,2.2016,market,other,4,partial_fill,459.6193999999998,0.0,2025-04-23 02:10:08.895530,XRPUSD,2.201,953.2638,493.64440000000013
415074410,2025-04-23 02:10:09.516000,XRPUSD,Buy,2428.3,2.20161,market,other,1,partial_fill,493.64440000000013,1934.6556,2025-04-23 02:10:08.895530,XRPUSD,2.201,953.2638,0.0
415074410,2025-04-23 02:10:09.516000,XRPUSD,Buy,2428.3,2.20161,market,other,2,partial_fill,953.2638,981.3918000000001,2025-04-23 02:10:08.782568,XRPUSD,2.201,953.2638,0.0
415074410,2025-04-23 02:10:09.516000,XRPUSD,Buy,2428.3,2.20161,market,other,3,partial_fill,189.0273,792.3645000000001,2025-04-23 02:10:08.505648,XRPUSD,2.201,189.0273,0.0
415074410,2025-04-23 02:10:09.516000,XRPUSD,Buy,2428.3,2.20161,market,other,4,partial_fill,189.0273,603.3372000000002,2025-04-23 02:10:08.099524,XRPUSD,2.201,189.0273,0.0
415074410,2025-04-23 02:10:09.516000,XRPUSD,Buy,2428.3,2.20161,market,other,5,partial_fill,603.3372000000002,0.0,2025-04-23 02:10:07.851250,XRPUSD,2.201,684.0273,80.6900999999998
415074454,2025-04-23 02:10:37.354000,XRPUSD,Buy,10719.30438601,2.2006,market,other,1,partial_fill,1040.9394000000002,9678.364986010001,2025-04-23 02:10:37.345543,XRPUSD,2.19996,1040.9394000000002,0.0
415074454,2025-04-23 02:10:37.354000,XRPUSD,Buy,10719.30438601,2.2006,market,other,2,partial_fill,1040.9394000000002,8637.425586010002,2025-04-23 02:10:37.109722,XRPUSD,2.19996,1040.9394000000002,0.0
415074454,2025-04-23 02:10:37.354000,XRPUSD,Buy,10719.30438601,2.2006,market,other,3,partial_fill,1040.9394000000002,7596.486186010002,2025-04-23 02:10:36.998512,XRPUSD,2.19996,1040.9394000000002,0.0
415074454,2025-04-23 02:10:37.354000,XRPUSD,Buy,10719.30438601,2.2006,market,other,4,partial_fill,1040.9394000000002,6555.546786010002,2025-04-23 02:10:36.755494,XRPUSD,2.19996,1040.9394000000002,0.0
415074454,2025-04-23 02:10:37.354000,XRPUSD,Buy,10719.30438601,2.2006,market,other,5,partial_fill,1040.9394000000002,5514.607386010001,2025-04-23 02:10:36.391653,XRPUSD,2.19996,1040.9394000000002,0.0
415074454,2025-04-23 02:10:37.354000,XRPUSD,Buy,10719.30438601,2.2006,market,other,6,partial_fill,1040.9394000000002,4473.667986010001,2025-04-23 02:10:36.276224,XRPUSD,2.19996,1040.9394000000002,0.0
415074454,2025-04-23 02:10:37.354000,XRPUSD,Buy,10719.30438601,2.2006,market,other,7,partial_fill,1040.9394000000002,3432.728586010001,2025-04-23 02:10:36.021473,XRPUSD,2.19996,1040.9394000000002,0.0
415074454,2025-04-23 02:10:37.354000,XRPUSD,Buy,10719.30438601,2.2006,market,other,8,partial_fill,1040.9394000000002,2391.789186010001,2025-04-23 02:10:35.655797,XRPUSD,2.19996,1040.9394000000002,0.0
415074454,2025-04-23 02:10:37.354000,XRPUSD,Buy,10719.30438601,2.2006,market,other,9,partial_fill,227.2,2164.589186010001,2025-04-23 02:10:35.521321,XRPUSD,2.2,227.2,0.0
415074454,2025-04-23 02:10:37.354000,XRPUSD,Buy,10719.30438601,2.2006,market,other,10,partial_fill,227.2,1937.389186010001,2025-04-23 02:10:35.253396,XRPUSD,2.2,227.2,0.0
415074454,2025-04-23 02:10:37.354000,XRPUSD,Buy,10719.30438601,2.2006,market,other,11,partial_fill,227.2,1710.1891860100009,2025-04-23 02:10:34.879065,XRPUSD,2.2,227.2,0.0
415074454,2025-04-23 02:10:37.354000,XRPUSD,Buy,10719.30438601,2.2006,market,other,12,partial_fill,227.2,1482.9891860100008,2025-04-23 02:10:34.765813,XRPUSD,2.2,227.2,0.0
415074454,2025-04-23 02:10:37.354000,XRPUSD,Buy,10719.30438601,2.2006,market,other,13,partial_fill,227.2,1255.7891860100008,2025-04-23 02:10:34.499583,XRPUSD,2.2,227.2,0.0
415074454,2025-04-23 02:10:37.354000,XRPUSD,Buy,10719.30438601,2.2006,market,other,14,partial_fill,227.2,1028.5891860100007,2025-04-23 02:10:34.124575,XRPUSD,2.2,227.2,0.0
415074454,2025-04-23 02:10:37.354000,XRPUSD,Buy,10719.30438601,2.2006,market,other,15,partial_fill,227.2,801.3891860100007,2025-04-23 02:10:34.016314,XRPUSD,2.2,227.2,0.0
415074454,2025-04-23 02:10:37.354000,XRPUSD,Buy,10719.30438601,2.2006,market,other,16,partial_fill,227.2,574.1891860100006,2025-04-23 02:10:33.751205,XRPUSD,2.2,227.2,0.0
415074454,2025-04-23 02:10:37.354000,XRPUSD,Buy,10719.30438601,2.2006,market,other,17,partial_fill,574.1891860100006,0.0,2025-04-23 02:10:33.377464,XRPUSD,2.19996,1054.576,480.3868139899994
415074558,2025-04-23 02:11:45.353000,XRPUSD,Buy,700.0,2.20074,market,other,1,fill,700.0,0.0,2025-04-23 02:11:45.406346,XRPUSD,2.20053,1355.8427,655.8426999999999
415074567,2025-04-23 02:11:52.829000,XRPUSD,Buy,103.976,2.20125,market,other,1,fill,103.976,0.0,2025-04-23 02:11:52.752522,XRPUSD,2.20055,258.1085,154.1325
415074583,2025-04-23 02:12:02.319000,XRPUSD,Buy,275.887585,2.20026,market,other,1,fill,275.887585,0.0,2025-04-23 02:12:02.268996,XRPUSD,2.19956,1052.65249,776.764905
415074685,2025-04-23 02:13:16.360000,XRPUSD,Buy,10.0,2.20238,market,other,1,fill,10.0,0.0,2025-04-23 02:13:16.411167,XRPUSD,2.20163,2378.9553,2368.9553
415074882,2025-04-23 02:14:58.939000,XRPUSD,Buy,89.23120399,2.2021,market,other,1,fill,89.23120399,0.0,2025-04-23 02:14:58.765198,XRPUSD,2.20056,1356.2534,1267.02219601
415075072,2025-04-23 02:16:20.838000,XRPUSD,Buy,11.282,2.20192,market,other,1,fill,11.282,0.0,2025-04-23 02:16:20.995462,XRPUSD,2.20112,1577.5638,1566.2818
415075137,2025-04-23 02:17:01.150000,XRPUSD,Buy,607.5,2.20201,market,other,1,fill,607.5,0.0,2025-04-23 02:17:01.268079,XRPUSD,2.2011,1779.4264,1171.9264
415075138,2025-04-23 02:17:01.154000,XRPUSD,Buy,607.5,2.20201,market,other,1,fill,607.5,0.0,2025-04-23 02:17:01.268079,XRPUSD,2.2011,1779.4264,564.4264000000001
415075144,2025-04-23 02:17:01.163000,XRPUSD,Buy,157.6244,2.20201,market,other,1,fill,157.6244,0.0,2025-04-23 02:17:01.268079,XRPUSD,2.2011,1779.4264,406.802
415075150,2025-04-23 02:17:01.198000,XRPUSD,Buy,43.0315,2.20201,market,other,1,fill,43.0315,0.0,2025-04-23 02:17:01.268079,XRPUSD,2.2011,1779.4264,363.7705
415075155,2025-04-23 02:17:01.228000,XRPUSD,Buy,1215.00006314,2.20201,market,other,1,partial_fill,363.7705,851.22956314,2025-04-23 02:17:01.268079,XRPUSD,2.2011,1779.4264,0.0
415075155,2025-04-23 02:17:01.228000,XRPUSD,Buy,1215.00006314,2.20201,market,other,2,partial_fill,362.887,488.34256314,2025-04-23 02:17:01.528386,XRPUSD,2.20159,362.887,0.0
415075155,2025-04-23 02:17:01.228000,XRPUSD,Buy,1215.00006314,2.20201,market,other,3,partial_fill,488.34256314,0.0,2025-04-23 02:17:00.871328,XRPUSD,2.2011,1529.4264,1041.08383686
415075293,2025-04-23 02:17:57.652000,XRPUSD,Buy,200.0,2.2011,market,other,1,partial_fill,23.3362,176.6638,2025-04-23 02:17:57.767669,XRPUSD,2.20022,23.3362,0.0
415075293,2025-04-23 02:17:57.652000,XRPUSD,Buy,200.0,2.2011,market,other,2,partial_fill,23.3362,153.32760000000002,2025-04-23 02:17:57.503420,XRPUSD,2.20022,23.3362,0.0
415075293,2025-04-23 02:17:57.652000,XRPUSD,Buy,200.0,2.2011,market,other,3,partial_fill,153.32760000000002,0.0,2025-04-23 02:17:57.112065,XRPUSD,2.2003,227.2,73.87239999999997
415075298,2025-04-23 02:17:57.653000,XRPUSD,Buy,1914.66877529,2.20222,market,other,1,partial_fill,73.87239999999997,1840.79637529,2025-04-23 02:17:57.112065,XRPUSD,2.2003,227.2,0.0
415075298,2025-04-23 02:17:57.653000,XRPUSD,Buy,1914.66877529,2.20222,market,other,2,partial_fill,290.283,1550.51337529,2025-04-23 02:17:57.008928,XRPUSD,2.20076,290.283,0.0
415075298,2025-04-23 02:17:57.653000,XRPUSD,Buy,1914.66877529,2.20222,market,other,3,partial_fill,290.283,1260.2303752900002,2025-04-23 02:17:56.745915,XRPUSD,2.20076,290.283,0.0
415075298,2025-04-23 02:17:57.653000,XRPUSD,Buy,1914.66877529,2.20222,market,other,4,partial_fill,290.283,969.9473752900002,2025-04-23 02:17:56.366398,XRPUSD,2.20076,290.283,0.0
415075298,2025-04-23 02:17:57.653000,XRPUSD,Buy,1914.66877529,2.20222,market,other,5,partial_fill,290.283,679.6643752900002,2025-04-23 02:17:56.106226,XRPUSD,2.20076,290.283,0.0
415075298,2025-04-23 02:17:57.653000,XRPUSD,Buy,1914.66877529,2.20222,market,other,6,partial_fill,290.283,389.38137529000016,2025-04-23 02:17:56.006258,XRPUSD,2.20076,290.283,0.0
415075298,2025-04-23 02:17:57.653000,XRPUSD,Buy,1914.66877529,2.20222,market,other,7,partial_fill,290.283,99.09837529000015,2025-04-23 02:17:55.744727,XRPUSD,2.20076,290.283,0.0
415075298,2025-04-23 02:17:57.653000,XRPUSD,Buy,1914.66877529,2.20222,market,other,8,partial_fill,99.09837529000015,0.0,2025-04-23 02:17:55.352970,XRPUSD,2.20076,290.283,191.18462470999987
415075299,2025-04-23 02:17:57.653000,XRPUSD,Buy,1462.32784376,2.20245,market,other,1,partial_fill,191.18462470999987,1271.14321905,2025-04-23 02:17:55.352970,XRPUSD,2.20076,290.283,0.0
415075299,2025-04-23 02:17:57.653000,XRPUSD,Buy,1462.32784376,2.20245,market,other,2,partial_fill,290.283,980.86021905,2025-04-23 02:17:55.253376,XRPUSD,2.20076,290.283,0.0
415075299,2025-04-23 02:17:57.653000,XRPUSD,Buy,1462.32784376,2.20245,market,other,3,partial_fill,315.0811,665.77911905,2025-04-23 02:17:54.979634,XRPUSD,2.20076,315.0811,0.0
415075299,2025-04-23 02:17:57.653000,XRPUSD,Buy,1462.32784376,2.20245,market,other,4,partial_fill,315.0811,350.69801904999997,2025-04-23 02:17:54.631832,XRPUSD,2.20076,315.0811,0.0
415075299,2025-04-23 02:17:57.653000,XRPUSD,Buy,1462.32784376,2.20245,market,other,5,partial_fill,315.0811,35.61691904999998,2025-04-23 02:17:54.520662,XRPUSD,2.20076,315.0811,0.0
415075299,2025-04-23 02:17:57.653000,XRPUSD,Buy,1462.32784376,2.20245,market,other,6,partial_fill,35.61691904999998,0.0,2025-04-23 02:17:54.254998,XRPUSD,2.20076,315.0811,279.46418095
415075300,2025-04-23 02:17:57.654000,XRPUSD,Buy,5352.13808176,2.20245,market,other,1,partial_fill,279.46418095,5072.67390081,2025-04-23 02:17:54.254998,XRPUSD,2.20076,315.0811,0.0
415075300,2025-04-23 02:17:57.654000,XRPUSD,Buy,5352.13808176,2.20245,market,other,2,partial_fill,810.0811,4262.59280081,2025-04-23 02:17:53.914739,XRPUSD,2.20076,810.0811,0.0
415075300,2025-04-23 02:17:57.654000,XRPUSD,Buy,5352.13808176,2.20245,market,other,3,partial_fill,810.0811,3452.51170081,2025-04-23 02:17:53.786869,XRPUSD,2.20076,810.0811,0.0
415075300,2025-04-23 02:17:57.654000,XRPUSD,Buy,5352.13808176,2.20245,market,other,4,partial_fill,1303.07829,2149.43341081,2025-04-23 02:17:53.509633,XRPUSD,2.20062,1303.07829,0.0
415075300,2025-04-23 02:17:57.654000,XRPUSD,Buy,5352.13808176,2.20245,market,other,5,partial_fill,1280.28299,869.1504208100002,2025-04-23 02:17:53.112614,XRPUSD,2.20062,1280.28299,0.0
415075300,2025-04-23 02:17:57.654000,XRPUSD,Buy,5352.13808176,2.20245,market,other,6,partial_fill,785.283,83.86742081000023,2025-04-23 02:17:52.854397,XRPUSD,2.20062,785.283,0.0
415075300,2025-04-23 02:17:57.654000,XRPUSD,Buy,5352.13808176,2.20245,market,other,7,partial_fill,83.86742081000023,0.0,2025-04-23 02:17:52.749781,XRPUSD,2.20062,785.283,701.4155791899998
415075301,2025-04-23 02:17:57.654000,XRPUSD,Buy,607.5,2.20261,market,other,1,fill,607.5,0.0,2025-04-23 02:17:52.749781,XRPUSD,2.20062,785.283,93.91557918999979
415075302,2025-04-23 02:17:57.654000,XRPUSD,Buy,3147.0,2.20281,market,other,1,partial_fill,93.91557918999979,3053.08442081,2025-04-23 02:17:52.749781,XRPUSD,2.20062,785.283,0.0
415075302,2025-04-23 02:17:57.654000,XRPUSD,Buy,3147.0,2.20281,market,other,2,partial_fill,1280.28299,1772.8014308100003,2025-04-23 02:17:52.397090,XRPUSD,2.20062,1280.28299,0.0
415075302,2025-04-23 02:17:57.654000,XRPUSD,Buy,3147.0,2.20281,market,other,3,partial_fill,1280.28299,492.51844081000036,2025-04-23 02:17:52.133977,XRPUSD,2.20062,1280.28299,0.0
415075302,2025-04-23 02:17:57.654000,XRPUSD,Buy,3147.0,2.20281,market,other,4,partial_fill,290.283,202.23544081000034,2025-04-23 02:17:52.030576,XRPUSD,2.20062,290.283,0.0
415075302,2025-04-23 02:17:57.654000,XRPUSD,Buy,3147.0,2.20281,market,other,5,partial_fill,202.23544081000034,0.0,2025-04-23 02:17:51.778107,XRPUSD,2.20062,290.283,88.04755918999967
415075303,2025-04-23 02:17:57.654000,XRPUSD,Buy,1233.15957431,2.20294,market,other,1,partial_fill,88.04755918999967,1145.1120151200003,2025-04-23 02:17:51.778107,XRPUSD,2.20062,290.283,0.0
415075303,2025-04-23 02:17:57.654000,XRPUSD,Buy,1233.15957431,2.20294,market,other,2,partial_fill,290.283,854.8290151200002,2025-04-23 02:17:51.379200,XRPUSD,2.20062,290.283,0.0
415075303,2025-04-23 02:17:57.654000,XRPUSD,Buy,1233.15957431,2.20294,market,other,3,partial_fill,854.8290151200002,0.0,2025-04-23 02:17:51.272173,XRPUSD,2.20062,1280.28299,425.4539748799997
415075304,2025-04-23 02:17:57.655000,XRPUSD,Buy,8072.61445431,2.20294,market,other,1,partial_fill,425.4539748799997,7647.16047943,2025-04-23 02:17:51.272173,XRPUSD,2.20062,1280.28299,0.0
415075304,2025-04-23 02:17:57.655000,XRPUSD,Buy,8072.61445431,2.20294,market,other,2,partial_fill,1280.28299,6366.87748943,2025-04-23 02:17:51.009628,XRPUSD,2.20062,1280.28299,0.0
415075304,2025-04-23 02:17:57.655000,XRPUSD,Buy,8072.61445431,2.20294,market,other,3,partial_fill,1280.28299,5086.594499430001,2025-04-23 02:17:50.620555,XRPUSD,2.20062,1280.28299,0.0
415075304,2025-04-23 02:17:57.655000,XRPUSD,Buy,8072.61445431,2.20294,market,other,4,partial_fill,290.283,4796.31149943,2025-04-23 02:17:50.512564,XRPUSD,2.20062,290.283,0.0
415075304,2025-04-23 02:17:57.655000,XRPUSD,Buy,8072.61445431,2.20294,market,other,5,partial_fill,290.283,4506.02849943,2025-04-23 02:17:50.257518,XRPUSD,2.20062,290.283,0.0
415075304,2025-04-23 02:17:57.655000,XRPUSD,Buy,8072.61445431,2.20294,market,other,6,partial_fill,290.283,4215.74549943,2025-04-23 02:17:49.841266,XRPUSD,2.20062,290.283,0.0
415075304,2025-04-23 02:17:57.655000,XRPUSD,Buy,8072.61445431,2.20294,market,other,7,partial_fill,290.283,3925.4624994299998,2025-04-23 02:17:49.739545,XRPUSD,2.20062,290.283,0.0
415075304,2025-04-23 02:17:57.655000,XRPUSD,Buy,8072.61445431,2.20294,market,other,8,partial_fill,1078.0173,2847.44519943,2025-04-23 02:17:49.487777,XRPUSD,2.20043,1078.0173,0.0
415075304,2025-04-23 02:17:57.655000,XRPUSD,Buy,8072.61445431,2.20294,market,other,9,partial_fill,1078.0173,1769.4278994299998,2025-04-23 02:17:49.110692,XRPUSD,2.20043,1078.0173,0.0
415075304,2025-04-23 02:17:57.655000,XRPUSD,Buy,8072.61445431,2.20294,market,other,10,partial_fill,1545.5181,223.9097994299998,2025-04-23 02:17:48.854877,XRPUSD,2.20028,1545.5181,0.0
415075304,2025-04-23 02:17:57.655000,XRPUSD,Buy,8072.61445431,2.20294,market,other,11,partial_fill,223.9097994299998,0.0,2025-04-23 02:17:48.748700,XRPUSD,2.20028,1280.28299,1056.3731905700001
415075305,2025-04-23 02:17:57.669000,XRPUSD,Buy,9304.54607655,2.20323,market,other,1,partial_fill,1056.3731905700001,8248.172885979999,2025-04-23 02:17:48.748700,XRPUSD,2.20028,1280.28299,0.0
415075305,2025-04-23 02:17:57.669000,XRPUSD,Buy,9304.54607655,2.20323,market,other,2,partial_fill,1280.28299,6967.889895979999,2025-04-23 02:17:48.361316,XRPUSD,2.20028,1280.28299,0.0
415075305,2025-04-23 02:17:57.669000,XRPUSD,Buy,9304.54607655,2.20323,market,other,3,partial_fill,1545.5181,5422.371795979999,2025-04-23 02:17:48.111560,XRPUSD,2.20028,1545.5181,0.0
415075305,2025-04-23 02:17:57.669000,XRPUSD,Buy,9304.54607655,2.20323,market,other,4,partial_fill,1280.28299,4142.088805979999,2025-04-23 02:17:48.008517,XRPUSD,2.20028,1280.28299,0.0
415075305,2025-04-23 02:17:57.669000,XRPUSD,Buy,9304.54607655,2.20323,market,other,5,partial_fill,1280.28299,2861.8058159799994,2025-04-23 02:17:47.614705,XRPUSD,2.20028,1280.28299,0.0
415075305,2025-04-23 02:17:57.669000,XRPUSD,Buy,9304.54607655,2.20323,market,other,6,partial_fill,1280.28299,1581.5228259799994,2025-04-23 02:17:47.357403,XRPUSD,2.20028,1280.28299,0.0
415075305,2025-04-23 02:17:57.669000,XRPUSD,Buy,9304.54607655,2.20323,market,other,7,partial_fill,290.283,1291.2398259799993,2025-04-23 02:17:47.258983,XRPUSD,2.20039,290.283,0.0
415075305,2025-04-23 02:17:57.669000,XRPUSD,Buy,9304.54607655,2.20323,market,other,8,partial_fill,785.283,505.9568259799993,2025-04-23 02:17:47.003364,XRPUSD,2.20039,785.283,0.0
415075305,2025-04-23 02:17:57.669000,XRPUSD,Buy,9304.54607655,2.20323,market,other,9,partial_fill,505.9568259799993,0.0,2025-04-23 02:17:46.613457,XRPUSD,2.20039,785.283,279.32617402000074
415075306,2025-04-23 02:17:57.669000,XRPUSD,Buy,607.5,2.20366,market,other,1,partial_fill,279.32617402000074,328.17382597999926,2025-04-23 02:17:46.613457,XRPUSD,2.20039,785.283,0.0
415075306,2025-04-23 02:17:57.669000,XRPUSD,Buy,607.5,2.20366,market,other,2,partial_fill,328.17382597999926,0.0,2025-04-23 02:17:46.505212,XRPUSD,2.20062,1295.771,967.5971740200007
415075307,2025-04-23 02:17:57.672000,XRPUSD,Buy,3300.0,2.2037,market,other,1,partial_fill,967.5971740200007,2332.4028259799993,2025-04-23 02:17:46.505212,XRPUSD,2.20062,1295.771,0.0
415075307,2025-04-23 02:17:57.672000,XRPUSD,Buy,3300.0,2.2037,market,other,2,partial_fill,1271.887,1060.5158259799994,2025-04-23 02:17:46.258097,XRPUSD,2.20062,1271.887,0.0
415075307,2025-04-23 02:17:57.672000,XRPUSD,Buy,3300.0,2.2037,market,other,3,partial_fill,281.887,778.6288259799994,2025-04-23 02:17:45.924309,XRPUSD,2.20062,281.887,0.0
415075307,2025-04-23 02:17:57.672000,XRPUSD,Buy,3300.0,2.2037,market,other,4,partial_fill,281.887,496.7418259799994,2025-04-23 02:17:45.796252,XRPUSD,2.20062,281.887,0.0
415075307,2025-04-23 02:17:57.672000,XRPUSD,Buy,3300.0,2.2037,market,other,5,partial_fill,496.7418259799994,0.0,2025-04-23 02:17:45.521338,XRPUSD,2.20062,1271.887,775.1451740200005
415075308,2025-04-23 02:17:57.672000,XRPUSD,Buy,3300.0,2.20387,market,other,1,partial_fill,775.1451740200005,2524.8548259799995,2025-04-23 02:17:45.521338,XRPUSD,2.20062,1271.887,0.0
415075308,2025-04-23 02:17:57.672000,XRPUSD,Buy,3300.0,2.20387,market,other,2,partial_fill,1271.887,1252.9678259799996,2025-04-23 02:17:45.146111,XRPUSD,2.20062,1271.887,0.0
415075308,2025-04-23 02:17:57.672000,XRPUSD,Buy,3300.0,2.20387,market,other,3,partial_fill,281.887,971.0808259799996,2025-04-23 02:17:45.035869,XRPUSD,2.20062,281.887,0.0
415075308,2025-04-23 02:17:57.672000,XRPUSD,Buy,3300.0,2.20387,market,other,4,partial_fill,362.887,608.1938259799997,2025-04-23 02:17:44.758145,XRPUSD,2.20062,362.887,0.0
415075308,2025-04-23 02:17:57.672000,XRPUSD,Buy,3300.0,2.20387,market,other,5,partial_fill,608.1938259799997,0.0,2025-04-23 02:17:44.377462,XRPUSD,2.20062,880.3923,272.1984740200003
415075318,2025-04-23 02:17:57.753000,XRPUSD,Buy,10.36539,2.20473,market,other,1,fill,10.36539,0.0,2025-04-23 02:17:44.377462,XRPUSD,2.20062,880.3923,261.8330840200003
415075330,2025-04-23 02:17:58.769000,XRPUSD,Buy,2151.7,2.20494,market,other,1,partial_fill,702.5361,1449.1638999999998,2025-04-23 02:17:58.609905,XRPUSD,2.20433,702.5361,0.0
415075330,2025-04-23 02:17:58.769000,XRPUSD,Buy,2151.7,2.20494,market,other,2,partial_fill,272.93329,1176.2306099999998,2025-04-23 02:17:58.568055,XRPUSD,2.2041,272.93329,0.0
415075330,2025-04-23 02:17:58.769000,XRPUSD,Buy,2151.7,2.20494,market,other,3,partial_fill,250.0,926.2306099999998,2025-04-23 02:17:58.547687,XRPUSD,2.2041,250.0,0.0
415075330,2025-04-23 02:17:58.769000,XRPUSD,Buy,2151.7,2.20494,market,other,4,partial_fill,23.3362,902.8944099999999,2025-04-23 02:17:58.114994,XRPUSD,2.20022,23.3362,0.0
415075330,2025-04-23 02:17:58.769000,XRPUSD,Buy,2151.7,2.20494,market,other,5,partial_fill,261.8330840200003,641.0613259799995,2025-04-23 02:17:44.377462,XRPUSD,2.20062,880.3923,0.0
415075330,2025-04-23 02:17:58.769000,XRPUSD,Buy,2151.7,2.20494,market,other,6,partial_fill,641.0613259799995,0.0,2025-04-23 02:17:44.117525,XRPUSD,2.20062,857.887,216.8256740200004
415075331,2025-04-23 02:17:58.775000,XRPUSD,Buy,4.53372867,2.20569,market,other,1,fill,4.53372867,0.0,2025-04-23 02:17:44.117525,XRPUSD,2.20062,857.887,212.29194535000042
415075333,2025-04-23 02:17:59.177000,XRPUSD,Buy,56.23413219,2.20635,market,other,1,fill,56.23413219,0.0,2025-04-23 02:17:59.277055,XRPUSD,2.20461,930.0937,873.85956781
415075334,2025-04-23 02:17:59.550000,XRPUSD,Buy,229.0,2.20711,market,other,1,fill,229.0,0.0,2025-04-23 02:17:59.392808,XRPUSD,2.2062,383.1601,154.1601
415075335,2025-04-23 02:17:59.756000,XRPUSD,Buy,58.82553311,2.20911,market,other,1,fill,58.82553311,0.0,2025-04-23 02:17:59.753495,XRPUSD,2.20758,84.7919,25.966366889999996
415075508,2025-04-23 02:19:03.813000,XRPUSD,Buy,34.643,2.21016,market,other,1,fill,34.643,0.0,2025-04-23 02:19:03.864093,XRPUSD,2.20954,495.0,460.35699999999997
415075647,2025-04-23 02:20:05.578000,XRPUSD,Buy,1018.2,2.21267,market,other,1,fill,1018.2,0.0,2025-04-23 02:20:05.619658,XRPUSD,2.21109,1231.6342,213.43419999999992
415075664,2025-04-23 02:20:07.555000,XRPUSD,Buy,371.0,2.21416,market,other,1,fill,371.0,0.0,2025-04-23 02:20:07.499643,XRPUSD,2.21293,2484.099,2113.099
415075910,2025-04-23 02:21:16.326000,XRPUSD,Buy,485.187,2.21505,market,other,1,partial_fill,375.0,110.18700000000001,2025-04-23 02:21:16.312480,XRPUSD,2.21463,375.0,0.0
415075910,2025-04-23 02:21:16.326000,XRPUSD,Buy,485.187,2.21505,market,other,2,partial_fill,110.18700000000001,0.0,2025-04-23 02:21:16.425695,XRPUSD,2.21439,1146.1418,1035.9548
415076067,2025-04-23 02:22:03.508000,XRPUSD,Buy,2293.624,2.21663,market,other,1,partial_fill,615.1067,1678.5172999999998,2025-04-23 02:22:03.422935,XRPUSD,2.21598,615.1067,0.0
415076067,2025-04-23 02:22:03.508000,XRPUSD,Buy,2293.624,2.21663,market,other,2,partial_fill,519.691,1158.8262999999997,2025-04-23 02:22:03.146592,XRPUSD,2.21598,519.691,0.0
415076067,2025-04-23 02:22:03.508000,XRPUSD,Buy,2293.624,2.21663,market,other,3,partial_fill,495.0,663.8262999999997,2025-04-23 02:22:03.039285,XRPUSD,2.21598,495.0,0.0
415076067,2025-04-23 02:22:03.508000,XRPUSD,Buy,2293.624,2.21663,market,other,4,partial_fill,663.8262999999997,0.0,2025-04-23 02:22:02.756909,XRPUSD,2.21573,857.887,194.06070000000022
415076212,2025-04-23 02:22:39.206000,XRPUSD,Buy,3895.0,2.21834,market,other,1,partial_fill,829.8843,3065.1157,2025-04-23 02:22:39.248458,XRPUSD,2.21669,829.8843,0.0
415076212,2025-04-23 02:22:39.206000,XRPUSD,Buy,3895.0,2.21834,market,other,2,partial_fill,536.0769,2529.0388,2025-04-23 02:22:38.892584,XRPUSD,2.21649,536.0769,0.0
415076212,2025-04-23 02:22:39.206000,XRPUSD,Buy,3895.0,2.21834,market,other,3,partial_fill,536.0769,1992.9618999999998,2025-04-23 02:22:38.768096,XRPUSD,2.21649,536.0769,0.0
415076212,2025-04-23 02:22:39.206000,XRPUSD,Buy,3895.0,2.21834,market,other,4,partial_fill,378.5769,1614.3849999999998,2025-04-23 02:22:38.510688,XRPUSD,2.21675,378.5769,0.0
415076212,2025-04-23 02:22:39.206000,XRPUSD,Buy,3895.0,2.21834,market,other,5,partial_fill,378.5769,1235.8080999999997,2025-04-23 02:22:38.169003,XRPUSD,2.21675,378.5769,0.0
415076212,2025-04-23 02:22:39.206000,XRPUSD,Buy,3895.0,2.21834,market,other,6,partial_fill,416.0769,819.7311999999997,2025-04-23 02:22:37.905651,XRPUSD,2.21675,416.0769,0.0
415076212,2025-04-23 02:22:39.206000,XRPUSD,Buy,3895.0,2.21834,market,other,7,partial_fill,416.0769,403.6542999999997,2025-04-23 02:22:37.769459,XRPUSD,2.21675,416.0769,0.0
415076212,2025-04-23 02:22:39.206000,XRPUSD,Buy,3895.0,2.21834,market,other,8,partial_fill,403.6542999999997,0.0,2025-04-23 02:22:37.427939,XRPUSD,2.21675,934.0146,530.3603000000003
415076218,2025-04-23 02:22:39.718000,XRPUSD,Buy,885.8,2.22,market,other,1,partial_fill,360.7535,525.0464999999999,2025-04-23 02:22:39.609489,XRPUSD,2.21736,360.7535,0.0
415076218,2025-04-23 02:22:39.718000,XRPUSD,Buy,885.8,2.22,market,other,2,partial_fill,525.0464999999999,0.0,2025-04-23 02:22:39.507669,XRPUSD,2.21669,829.8843,304.83780000000013
415076219,2025-04-23 02:22:39.718000,XRPUSD,Buy,607.5,2.22,market,other,1,partial_fill,304.83780000000013,302.66219999999987,2025-04-23 02:22:39.507669,XRPUSD,2.21669,829.8843,0.0
415076219,2025-04-23 02:22:39.718000,XRPUSD,Buy,607.5,2.22,market,other,2,partial_fill,302.66219999999987,0.0,2025-04-23 02:22:37.427939,XRPUSD,2.21675,934.0146,227.6981000000004
415076222,2025-04-23 02:22:39.783000,XRPUSD,Buy,607.5,2.22,market,other,1,partial_fill,227.6981000000004,379.8018999999996,2025-04-23 02:22:37.427939,XRPUSD,2.21675,934.0146,0.0
415076222,2025-04-23 02:22:39.783000,XRPUSD,Buy,607.5,2.22,market,other,2,partial_fill,379.8018999999996,0.0,2025-04-23 02:22:37.136352,XRPUSD,2.21675,934.0146,554.2127000000004
415076223,2025-04-23 02:22:39.787000,XRPUSD,Buy,607.5,2.22,market,other,1,partial_fill,554.2127000000004,53.28729999999962,2025-04-23 02:22:37.136352,XRPUSD,2.21675,934.0146,0.0
415076223,2025-04-23 02:22:39.787000,XRPUSD,Buy,607.5,2.22,market,other,2,partial_fill,51.10789999999997,2.179399999999646,2025-04-23 02:22:37.016595,XRPUSD,2.21675,51.10789999999997,0.0
415076223,2025-04-23 02:22:39.787000,XRPUSD,Buy,607.5,2.22,market,other,3,partial_fill,2.179399999999646,0.0,2025-04-23 02:22:36.663949,XRPUSD,2.21675,51.10789999999997,48.92850000000033
415076224,2025-04-23 02:22:39.790000,XRPUSD,Buy,607.5,2.22,market,other,1,partial_fill,48.92850000000033,558.5714999999997,2025-04-23 02:22:36.663949,XRPUSD,2.21675,51.10789999999997,0.0
415076224,2025-04-23 02:22:39.790000,XRPUSD,Buy,607.5,2.22,market,other,2,partial_fill,489.9845,68.58699999999965,2025-04-23 02:22:36.396604,XRPUSD,2.217,489.9845,0.0
415076224,2025-04-23 02:22:39.790000,XRPUSD,Buy,607.5,2.22,market,other,3,partial_fill,68.58699999999965,0.0,2025-04-23 02:22:36.286118,XRPUSD,2.21668,1825.7234,1757.1364000000003
415076225,2025-04-23 02:22:39.791000,XRPUSD,Buy,607.5,2.22,market,other,1,fill,607.5,0.0,2025-04-23 02:22:36.286118,XRPUSD,2.21668,1825.7234,1149.6364000000003
415076226,2025-04-23 02:22:39.792000,XRPUSD,Buy,607.5,2.22,market,other,1,fill,607.5,0.0,2025-04-23 02:22:36.286118,XRPUSD,2.21668,1825.7234,542.1364000000003
415076227,2025-04-23 02:22:39.853000,XRPUSD,Buy,9.61787,2.22,market,other,1,fill,9.61787,0.0,2025-04-23 02:22:36.286118,XRPUSD,2.21668,1825.7234,532.5185300000003
415076228,2025-04-23 02:22:39.858000,XRPUSD,Buy,6110.9628,2.22,market,other,1,partial_fill,532.5185300000003,5578.44427,2025-04-23 02:22:36.286118,XRPUSD,2.21668,1825.7234,0.0
415076228,2025-04-23 02:22:39.858000,XRPUSD,Buy,6110.9628,2.22,market,other,2,partial_fill,573.9367,5004.50757,2025-04-23 02:22:36.010971,XRPUSD,2.21686,573.9367,0.0
415076228,2025-04-23 02:22:39.858000,XRPUSD,Buy,6110.9628,2.22,market,other,3,partial_fill,551.12339,4453.38418,2025-04-23 02:22:35.606195,XRPUSD,2.21686,551.12339,0.0
415076228,2025-04-23 02:22:39.858000,XRPUSD,Buy,6110.9628,2.22,market,other,4,partial_fill,764.6,3688.78418,2025-04-23 02:22:35.503344,XRPUSD,2.21686,764.6,0.0
415076228,2025-04-23 02:22:39.858000,XRPUSD,Buy,6110.9628,2.22,market,other,5,partial_fill,1315.7234,2373.06078,2025-04-23 02:22:35.251462,XRPUSD,2.217,1315.7234,0.0
415076228,2025-04-23 02:22:39.858000,XRPUSD,Buy,6110.9628,2.22,market,other,6,partial_fill,1046.1234,1326.9373799999998,2025-04-23 02:22:34.872047,XRPUSD,2.217,1046.1234,0.0
415076228,2025-04-23 02:22:39.858000,XRPUSD,Buy,6110.9628,2.22,market,other,7,partial_fill,1046.1234,280.8139799999999,2025-04-23 02:22:34.764288,XRPUSD,2.217,1046.1234,0.0
415076228,2025-04-23 02:22:39.858000,XRPUSD,Buy,6110.9628,2.22,market,other,8,partial_fill,280.8139799999999,0.0,2025-04-23 02:22:34.495624,XRPUSD,2.2167,948.9624,668.1484200000001
415076229,2025-04-23 02:22:39.865000,XRPUSD,Buy,3997.61933,2.22,market,other,1,partial_fill,668.1484200000001,3329.47091,2025-04-23 02:22:34.495624,XRPUSD,2.2167,948.9624,0.0
415076229,2025-04-23 02:22:39.865000,XRPUSD,Buy,3997.61933,2.22,market,other,2,partial_fill,845.1557,2484.3152099999998,2025-04-23 02:22:34.155104,XRPUSD,2.21663,845.1557,0.0
415076229,2025-04-23 02:22:39.865000,XRPUSD,Buy,3997.61933,2.22,market,other,3,partial_fill,56.1234,2428.19181,2025-04-23 02:22:34.044754,XRPUSD,2.21673,56.1234,0.0
415076229,2025-04-23 02:22:39.865000,XRPUSD,Buy,3997.61933,2.22,market,other,4,partial_fill,1195.7234,1232.4684099999997,2025-04-23 02:22:33.761598,XRPUSD,2.21646,1195.7234,0.0
415076229,2025-04-23 02:22:39.865000,XRPUSD,Buy,3997.61933,2.22,market,other,5,partial_fill,56.1234,1176.3450099999998,2025-04-23 02:22:33.378984,XRPUSD,2.21675,56.1234,0.0
415076229,2025-04-23 02:22:39.865000,XRPUSD,Buy,3997.61933,2.22,market,other,6,partial_fill,56.1234,1120.2216099999998,2025-04-23 02:22:33.279428,XRPUSD,2.21669,56.1234,0.0
415076229,2025-04-23 02:22:39.865000,XRPUSD,Buy,3997.61933,2.22,market,other,7,partial_fill,624.5596,495.6620099999998,2025-04-23 02:22:33.007433,XRPUSD,2.21702,624.5596,0.0
415076229,2025-04-23 02:22:39.865000,XRPUSD,Buy,3997.61933,2.22,market,other,8,partial_fill,495.6620099999998,0.0,2025-04-23 02:22:32.613178,XRPUSD,2.21702,624.5596,128.89759000000026
415076234,2025-04-23 02:22:40.327000,XRPUSD,Buy,41.853,2.22175,market,other,1,fill,41.853,0.0,2025-04-23 02:22:40.337647,XRPUSD,2.22084,495.0,453.147
415076235,2025-04-23 02:22:40.800000,XRPUSD,Buy,2151.69624646,2.22183,market,other,1,partial_fill,339.8135,1811.8827464600001,2025-04-23 02:22:40.743730,XRPUSD,2.22134,339.8135,0.0
415076235,2025-04-23 02:22:40.800000,XRPUSD,Buy,2151.69624646,2.22183,market,other,2,partial_fill,517.861,1294.02174646,2025-04-23 02:22:40.399305,XRPUSD,2.22134,517.861,0.0
415076235,2025-04-23 02:22:40.800000,XRPUSD,Buy,2151.69624646,2.22183,market,other,3,partial_fill,453.147,840.8747464600001,2025-04-23 02:22:40.337647,XRPUSD,2.22084,495.0,0.0
415076235,2025-04-23 02:22:40.800000,XRPUSD,Buy,2151.69624646,2.22183,market,other,4,partial_fill,689.6449,151.2298464600001,2025-04-23 02:22:40.153452,XRPUSD,2.21949,689.6449,0.0
415076235,2025-04-23 02:22:40.800000,XRPUSD,Buy,2151.69624646,2.22183,market,other,5,partial_fill,128.89759000000026,22.332256459999826,2025-04-23 02:22:32.613178,XRPUSD,2.21702,624.5596,0.0
415076235,2025-04-23 02:22:40.800000,XRPUSD,Buy,2151.69624646,2.22183,market,other,6,partial_fill,22.332256459999826,0.0,2025-04-23 02:22:32.353768,XRPUSD,2.21702,306.52659000000006,284.19433354000023
415076271,2025-04-23 02:22:57.445000,XRPUSD,Buy,2151.7,2.2182,market,other,1,partial_fill,1001.3991,1150.3008999999997,2025-04-23 02:22:57.505830,XRPUSD,2.21717,1001.3991,0.0
415076271,2025-04-23 02:22:57.445000,XRPUSD,Buy,2151.7,2.2182,market,other,2,partial_fill,1150.3008999999997,0.0,2025-04-23 02:22:57.115224,XRPUSD,2.21717,1369.8655,219.56460000000038
415076348,2025-04-23 02:23:22.013000,XRPUSD,Buy,0.107,2.2185,market,other,1,fill,0.107,0.0,2025-04-23 02:23:22.022957,XRPUSD,2.21725,1490.5983,1490.4913000000001
415076441,2025-04-23 02:23:39.168000,XRPUSD,Buy,607.5,2.21783,market,other,1,partial_fill,125.10100000000023,482.3989999999998,2025-04-23 02:23:39.128400,XRPUSD,2.21711,125.10100000000023,0.0
415076441,2025-04-23 02:23:39.168000,XRPUSD,Buy,607.5,2.21783,market,other,2,partial_fill,125.10100000000023,357.29799999999955,2025-04-23 02:23:39.018033,XRPUSD,2.21711,125.10100000000023,0.0
415076441,2025-04-23 02:23:39.168000,XRPUSD,Buy,607.5,2.21783,market,other,3,partial_fill,357.29799999999955,0.0,2025-04-23 02:23:38.751886,XRPUSD,2.21711,1472.6307000000002,1115.3327000000006
415076442,2025-04-23 02:23:39.168000,XRPUSD,Buy,607.5,2.2179,market,other,1,fill,607.5,0.0,2025-04-23 02:23:38.751886,XRPUSD,2.21711,1472.6307000000002,507.8327000000006
415076443,2025-04-23 02:23:39.168000,XRPUSD,Buy,607.5,2.2179,market,other,1,partial_fill,507.8327000000006,99.66729999999939,2025-04-23 02:23:38.751886,XRPUSD,2.21711,1472.6307000000002,0.0
415076443,2025-04-23 02:23:39.168000,XRPUSD,Buy,607.5,2.2179,market,other,2,partial_fill,99.66729999999939,0.0,2025-04-23 02:23:38.401671,XRPUSD,2.21711,1472.6307000000002,1372.9634000000008
415076444,2025-04-23 02:23:39.168000,XRPUSD,Buy,1803.35441512,2.21809,market,other,1,partial_fill,1372.9634000000008,430.39101511999934,2025-04-23 02:23:38.401671,XRPUSD,2.21711,1472.6307000000002,0.0
415076444,2025-04-23 02:23:39.168000,XRPUSD,Buy,1803.35441512,2.21809,market,other,2,partial_fill,225.5,204.89101511999934,2025-04-23 02:23:38.137984,XRPUSD,2.2172,225.5,0.0
415076444,2025-04-23 02:23:39.168000,XRPUSD,Buy,1803.35441512,2.21809,market,other,3,partial_fill,204.89101511999934,0.0,2025-04-23 02:23:38.022169,XRPUSD,2.21735,1352.887,1147.9959848800006
415076445,2025-04-23 02:23:39.168000,XRPUSD,Buy,1302.65615663,2.21815,market,other,1,partial_fill,1147.9959848800006,154.66017174999934,2025-04-23 02:23:38.022169,XRPUSD,2.21735,1352.887,0.0
415076445,2025-04-23 02:23:39.168000,XRPUSD,Buy,1302.65615663,2.21815,market,other,2,partial_fill,154.66017174999934,0.0,2025-04-23 02:23:37.638498,XRPUSD,2.21735,1352.887,1198.2268282500006
415076446,2025-04-23 02:23:39.238000,XRPUSD,Buy,1532.7122193,2.21782,market,other,1,partial_fill,1198.2268282500006,334.4853910499994,2025-04-23 02:23:37.638498,XRPUSD,2.21735,1352.887,0.0
415076446,2025-04-23 02:23:39.238000,XRPUSD,Buy,1532.7122193,2.21782,market,other,2,partial_fill,334.4853910499994,0.0,2025-04-23 02:23:37.378074,XRPUSD,2.21749,1705.0923,1370.6069089500006
415076447,2025-04-23 02:23:39.307000,XRPUSD,Buy,607.5,2.21781,market,other,1,fill,607.5,0.0,2025-04-23 02:23:37.378074,XRPUSD,2.21749,1705.0923,763.1069089500006
415076448,2025-04-23 02:23:39.307000,XRPUSD,Buy,618.9877807,2.21782,market,other,1,fill,618.9877807,0.0,2025-04-23 02:23:37.378074,XRPUSD,2.21749,1705.0923,144.11912825000059
415076449,2025-04-23 02:23:39.307000,XRPUSD,Buy,381.68603231,2.21783,market,other,1,partial_fill,144.11912825000059,237.5669040599994,2025-04-23 02:23:37.378074,XRPUSD,2.21749,1705.0923,0.0
415076449,2025-04-23 02:23:39.307000,XRPUSD,Buy,381.68603231,2.21783,market,other,2,partial_fill,237.5669040599994,0.0,2025-04-23 02:23:37.267671,XRPUSD,2.21749,1705.0923,1467.5253959400006
415076541,2025-04-23 02:24:05.523000,XRPUSD,Buy,2216.65595282,2.21633,market,other,1,partial_fill,455.4489,1761.2070528200002,2025-04-23 02:24:05.361829,XRPUSD,2.21515,455.4489,0.0
415076541,2025-04-23 02:24:05.523000,XRPUSD,Buy,2216.65595282,2.21633,market,other,2,partial_fill,455.4489,1305.7581528200003,2025-04-23 02:24:05.120346,XRPUSD,2.21515,455.4489,0.0
415076541,2025-04-23 02:24:05.523000,XRPUSD,Buy,2216.65595282,2.21633,market,other,3,partial_fill,455.4489,850.3092528200003,2025-04-23 02:24:05.012358,XRPUSD,2.21515,455.4489,0.0
415076541,2025-04-23 02:24:05.523000,XRPUSD,Buy,2216.65595282,2.21633,market,other,4,partial_fill,455.4489,394.86035282000034,2025-04-23 02:24:04.750002,XRPUSD,2.21515,455.4489,0.0
415076541,2025-04-23 02:24:05.523000,XRPUSD,Buy,2216.65595282,2.21633,market,other,5,partial_fill,394.86035282000034,0.0,2025-04-23 02:24:04.381841,XRPUSD,2.21473,1631.7942,1236.9338471799997
415076564,2025-04-23 02:24:15.336000,XRPUSD,Buy,19.908,2.21605,market,other,1,fill,19.908,0.0,2025-04-23 02:24:15.349975,XRPUSD,2.21549,362.887,342.979
415076834,2025-04-23 02:25:25.847000,XRPUSD,Buy,2151.0,2.21816,market,other,1,partial_fill,362.887,1788.113,2025-04-23 02:25:25.739225,XRPUSD,2.21765,362.887,0.0
415076834,2025-04-23 02:25:25.847000,XRPUSD,Buy,2151.0,2.21816,market,other,2,partial_fill,362.887,1425.226,2025-04-23 02:25:25.405660,XRPUSD,2.21776,362.887,0.0
415076834,2025-04-23 02:25:25.847000,XRPUSD,Buy,2151.0,2.21816,market,other,3,partial_fill,1175.92,249.30600000000004,2025-04-23 02:25:25.159502,XRPUSD,2.21765,1175.92,0.0
415076834,2025-04-23 02:25:25.847000,XRPUSD,Buy,2151.0,2.21816,market,other,4,partial_fill,249.30600000000004,0.0,2025-04-23 02:25:25.055887,XRPUSD,2.21819,1212.5732,963.2672
415076842,2025-04-23 02:25:29.581000,XRPUSD,Buy,2.688,2.21839,market,other,1,fill,2.688,0.0,2025-04-23 02:25:29.434451,XRPUSD,2.21783,362.887,360.199
415076843,2025-04-23 02:25:30.113000,XRPUSD,Buy,14.77190768,2.21843,market,other,1,fill,14.77190768,0.0,2025-04-23 02:25:30.063613,XRPUSD,2.21757,813.033,798.26109232
415076950,2025-04-23 02:26:06.811000,XRPUSD,Buy,400.0,2.21438,market,other,1,fill,400.0,0.0,2025-04-23 02:26:06.637958,XRPUSD,2.21395,1163.3766,763.3766
415077020,2025-04-23 02:26:46.098000,XRPUSD,Buy,607.5,2.21191,market,other,1,fill,607.5,0.0,2025-04-23 02:26:45.893663,XRPUSD,2.21153,1487.4364,879.9364
415077021,2025-04-23 02:26:46.098000,XRPUSD,Buy,14.103,2.21191,market,other,1,fill,14.103,0.0,2025-04-23 02:26:45.893663,XRPUSD,2.21153,1487.4364,865.8334000000001
415077022,2025-04-23 02:26:46.098000,XRPUSD,Buy,593.397,2.21191,market,other,1,fill,593.397,0.0,2025-04-23 02:26:45.893663,XRPUSD,2.21153,1487.4364,272.43640000000005
415077023,2025-04-23 02:26:46.099000,XRPUSD,Buy,579.2234,2.21191,market,other,1,partial_fill,272.43640000000005,306.7869999999999,2025-04-23 02:26:45.893663,XRPUSD,2.21153,1487.4364,0.0
415077023,2025-04-23 02:26:46.099000,XRPUSD,Buy,579.2234,2.21191,market,other,2,partial_fill,306.7869999999999,0.0,2025-04-23 02:26:45.772989,XRPUSD,2.21153,1487.4364,1180.6494000000002
415077024,2025-04-23 02:26:46.099000,XRPUSD,Buy,14.17369836,2.21191,market,other,1,fill,14.17369836,0.0,2025-04-23 02:26:45.772989,XRPUSD,2.21153,1487.4364,1166.4757016400004
415077025,2025-04-23 02:26:46.100000,XRPUSD,Buy,607.5,2.21199,market,other,1,fill,607.5,0.0,2025-04-23 02:26:45.772989,XRPUSD,2.21153,1487.4364,558.9757016400004
415077026,2025-04-23 02:26:46.101000,XRPUSD,Buy,28.2766,2.21199,market,other,1,fill,28.2766,0.0,2025-04-23 02:26:45.772989,XRPUSD,2.21153,1487.4364,530.6991016400003
415077027,2025-04-23 02:26:46.102000,XRPUSD,Buy,1172.54983908,2.21199,market,other,1,partial_fill,530.6991016400003,641.8507374399998,2025-04-23 02:26:45.772989,XRPUSD,2.21153,1487.4364,0.0
415077027,2025-04-23 02:26:46.102000,XRPUSD,Buy,1172.54983908,2.21199,market,other,2,partial_fill,641.8507374399998,0.0,2025-04-23 02:26:45.506015,XRPUSD,2.21153,1487.4364,845.5856625600003
415077028,2025-04-23 02:26:46.105000,XRPUSD,Buy,2982.1,2.21215,market,other,1,partial_fill,845.5856625600003,2136.5143374399995,2025-04-23 02:26:45.506015,XRPUSD,2.21153,1487.4364,0.0
415077028,2025-04-23 02:26:46.105000,XRPUSD,Buy,2982.1,2.21215,market,other,2,partial_fill,1487.4364,649.0779374399995,2025-04-23 02:26:45.152336,XRPUSD,2.21153,1487.4364,0.0
415077028,2025-04-23 02:26:46.105000,XRPUSD,Buy,2982.1,2.21215,market,other,3,partial_fill,649.0779374399995,0.0,2025-04-23 02:26:45.032690,XRPUSD,2.21153,1487.4364,838.3584625600006
415077042,2025-04-23 02:26:51.429000,XRPUSD,Buy,331.0,2.21263,market,other,1,partial_fill,259.0914,71.90859999999998,2025-04-23 02:26:51.349842,XRPUSD,2.21201,259.0914,0.0
415077042,2025-04-23 02:26:51.429000,XRPUSD,Buy,331.0,2.21263,market,other,2,partial_fill,71.90859999999998,0.0,2025-04-23 02:26:51.249677,XRPUSD,2.21201,418.1079,346.1993
415077098,2025-04-23 02:27:14.841000,XRPUSD,Buy,61.851,2.21444,market,other,1,fill,61.851,0.0,2025-04-23 02:27:14.805609,XRPUSD,2.21368,660.5149,598.6639
415077240,2025-04-23 02:28:30.620000,XRPUSD,Buy,2151.7,2.21311,market,other,1,partial_fill,1467.3888,684.3111999999999,2025-04-23 02:28:30.601859,XRPUSD,2.21257,1467.3888,0.0
415077240,2025-04-23 02:28:30.620000,XRPUSD,Buy,2151.7,2.21311,market,other,2,partial_fill,684.3111999999999,0.0,2025-04-23 02:28:30.506382,XRPUSD,2.21257,1467.3888,783.0776000000001
415077241,2025-04-23 02:28:30.620000,XRPUSD,Buy,1491.7,2.21319,market,other,1,partial_fill,783.0776000000001,708.6224,2025-04-23 02:28:30.506382,XRPUSD,2.21257,1467.3888,0.0
415077241,2025-04-23 02:28:30.620000,XRPUSD,Buy,1491.7,2.21319,market,other,2,partial_fill,708.6224,0.0,2025-04-23 02:28:30.243062,XRPUSD,2.21257,1962.3888,1253.7664
415077242,2025-04-23 02:28:30.620000,XRPUSD,Buy,1807.35106747,2.21319,market,other,1,partial_fill,1253.7664,553.5846674700001,2025-04-23 02:28:30.243062,XRPUSD,2.21257,1962.3888,0.0
415077242,2025-04-23 02:28:30.620000,XRPUSD,Buy,1807.35106747,2.21319,market,other,2,partial_fill,553.5846674700001,0.0,2025-04-23 02:28:29.897093,XRPUSD,2.21257,1962.3888,1408.8041325299998
415077243,2025-04-23 02:28:30.620000,XRPUSD,Buy,200.0,2.21321,market,other,1,fill,200.0,0.0,2025-04-23 02:28:29.897093,XRPUSD,2.21257,1962.3888,1208.8041325299998
415077244,2025-04-23 02:28:30.620000,XRPUSD,Buy,1807.29345085,2.21326,market,other,1,partial_fill,1208.8041325299998,598.4893183200002,2025-04-23 02:28:29.897093,XRPUSD,2.21257,1962.3888,0.0
415077244,2025-04-23 02:28:30.620000,XRPUSD,Buy,1807.29345085,2.21326,market,other,2,partial_fill,598.4893183200002,0.0,2025-04-23 02:28:29.788264,XRPUSD,2.21257,702.7888,104.29948167999987
415077245,2025-04-23 02:28:30.620000,XRPUSD,Buy,0.21844333,2.21334,market,other,1,fill,0.21844333,0.0,2025-04-23 02:28:29.788264,XRPUSD,2.21257,702.7888,104.08103834999987
415077333,2025-04-23 02:29:10.233000,XRPUSD,Buy,12.488,2.21646,market,other,1,fill,12.488,0.0,2025-04-23 02:29:10.294835,XRPUSD,2.21585,1688.6957,1676.2077
415077334,2025-04-23 02:29:10.261000,XRPUSD,Buy,50.0,2.21646,market,other,1,fill,50.0,0.0,2025-04-23 02:29:10.294835,XRPUSD,2.21585,1688.6957,1626.2077
415077347,2025-04-23 02:29:19.704000,XRPUSD,Buy,21.303658,2.21654,market,other,1,fill,21.303658,0.0,2025-04-23 02:29:19.749793,XRPUSD,2.21587,927.8264,906.522742
415077431,2025-04-23 02:29:43.544000,XRPUSD,Buy,0.823,2.21488,market,other,1,fill,0.823,0.0,2025-04-23 02:29:43.485754,XRPUSD,2.21434,375.7118,374.8888
415077528,2025-04-23 02:30:12.968000,XRPUSD,Buy,1098.0,2.2144,market,other,1,fill,1098.0,0.0,2025-04-23 02:30:12.892455,XRPUSD,2.21416,1352.887,254.88699999999994
415077530,2025-04-23 02:30:14.268000,XRPUSD,Buy,19.916,2.21513,market,other,1,fill,19.916,0.0,2025-04-23 02:30:14.270613,XRPUSD,2.21441,1336.05379,1316.13779
415077697,2025-04-23 02:31:17.035000,XRPUSD,Buy,27.415,2.21392,market,other,1,fill,27.415,0.0,2025-04-23 02:31:17.024627,XRPUSD,2.21364,1565.0591,1537.6441
415077739,2025-04-23 02:31:25.289000,XRPUSD,Buy,7.154,2.2139,market,other,1,fill,7.154,0.0,2025-04-23 02:31:25.243688,XRPUSD,2.2134,225.8,218.64600000000002
415078019,2025-04-23 02:33:03.803000,XRPUSD,Buy,23.027,2.21389,market,other,1,fill,23.027,0.0,2025-04-23 02:33:03.852576,XRPUSD,2.21315,718.2733000000002,695.2463000000001
415078078,2025-04-23 02:33:17.265000,XRPUSD,Buy,200.0,2.21232,market,other,1,fill,200.0,0.0,2025-04-23 02:33:17.176263,XRPUSD,2.21171,373.0574,173.05739999999997
415078079,2025-04-23 02:33:17.265000,XRPUSD,Buy,2151.0,2.21233,market,other,1,partial_fill,173.05739999999997,1977.9426,2025-04-23 02:33:17.176263,XRPUSD,2.21171,373.0574,0.0
415078079,2025-04-23 02:33:17.265000,XRPUSD,Buy,2151.0,2.21233,market,other,2,partial_fill,373.3036,1604.6390000000001,2025-04-23 02:33:17.412368,XRPUSD,2.21171,373.3036,0.0
415078079,2025-04-23 02:33:17.265000,XRPUSD,Buy,2151.0,2.21233,market,other,3,partial_fill,318.033,1286.6060000000002,2025-04-23 02:33:16.939426,XRPUSD,2.21172,318.033,0.0
415078079,2025-04-23 02:33:17.265000,XRPUSD,Buy,2151.0,2.21233,market,other,4,partial_fill,413.5407,873.0653000000002,2025-04-23 02:33:16.768335,XRPUSD,2.21201,413.5407,0.0
415078079,2025-04-23 02:33:17.265000,XRPUSD,Buy,2151.0,2.21233,market,other,5,partial_fill,413.5407,459.5246000000002,2025-04-23 02:33:16.572564,XRPUSD,2.21201,413.5407,0.0
415078079,2025-04-23 02:33:17.265000,XRPUSD,Buy,2151.0,2.21233,market,other,6,partial_fill,459.5246000000002,0.0,2025-04-23 02:33:16.140201,XRPUSD,2.21201,908.7853,449.2606999999998
415078081,2025-04-23 02:33:20.544000,XRPUSD,Buy,40.874,2.21267,market,other,1,fill,40.874,0.0,2025-04-23 02:33:20.493384,XRPUSD,2.2122,239.6598,198.7858
415078131,2025-04-23 02:33:37.337000,XRPUSD,Buy,1611.8886675,2.21238,market,other,1,fill,1611.8886675,0.0,2025-04-23 02:33:37.303977,XRPUSD,2.21212,2366.8651,754.9764324999999
415078180,2025-04-23 02:33:59.231000,XRPUSD,Buy,9.03873096,2.21304,market,other,1,fill,9.03873096,0.0,2025-04-23 02:33:59.110216,XRPUSD,2.21237,232.8676,223.82886904
415078202,2025-04-23 02:34:07.926000,XRPUSD,Buy,1640.08736114,2.21355,market,other,1,partial_fill,1028.4554,611.6319611399999,2025-04-23 02:34:07.894842,XRPUSD,2.21326,1028.4554,0.0
415078202,2025-04-23 02:34:07.926000,XRPUSD,Buy,1640.08736114,2.21355,market,other,2,partial_fill,533.4554,78.17656113999988,2025-04-23 02:34:07.787581,XRPUSD,2.21326,533.4554,0.0
415078202,2025-04-23 02:34:07.926000,XRPUSD,Buy,1640.08736114,2.21355,market,other,3,partial_fill,78.17656113999988,0.0,2025-04-23 02:34:07.512290,XRPUSD,2.21326,533.4554,455.2788388600002
415078324,2025-04-23 02:34:54.622000,XRPUSD,Buy,50.0,2.21514,market,other,1,fill,50.0,0.0,2025-04-23 02:34:54.344064,XRPUSD,2.21462,1531.8948,1481.8948
415078526,2025-04-23 02:35:39.530000,XRPUSD,Buy,1.0,2.21549,market,other,1,fill,1.0,0.0,2025-04-23 02:35:39.415991,XRPUSD,2.21492,1065.91159,1064.91159
415078574,2025-04-23 02:36:15.739000,XRPUSD,Buy,103.277,2.21627,market,other,1,fill,103.277,0.0,2025-04-23 02:36:15.598034,XRPUSD,2.2157,1060.8759,957.5989
415078756,2025-04-23 02:37:22.417000,XRPUSD,Buy,8.948,2.21608,market,other,1,fill,8.948,0.0,2025-04-23 02:37:22.487440,XRPUSD,2.21554,835.7859,826.8379
415078764,2025-04-23 02:37:29.062000,XRPUSD,Buy,99.77787908,2.21582,market,other,1,fill,99.77787908,0.0,2025-04-23 02:37:29.114885,XRPUSD,2.21527,318.033,218.25512092000002
415078899,2025-04-23 02:38:43.987000,XRPUSD,Buy,2.216,2.21512,market,other,1,fill,2.216,0.0,2025-04-23 02:38:44.017966,XRPUSD,2.21454,2500.0,2497.784
415079037,2025-04-23 02:39:32.116000,XRPUSD,Buy,1807.14436574,2.21344,market,other,1,partial_fill,1031.77839,775.3659757400001,2025-04-23 02:39:32.095004,XRPUSD,2.21279,1031.77839,0.0
415079037,2025-04-23 02:39:32.116000,XRPUSD,Buy,1807.14436574,2.21344,market,other,2,partial_fill,775.3659757400001,0.0,2025-04-23 02:39:31.995719,XRPUSD,2.21279,1031.77839,256.4124142599999
415079038,2025-04-23 02:39:32.116000,XRPUSD,Buy,2151.7,2.21347,market,other,1,partial_fill,256.4124142599999,1895.28758574,2025-04-23 02:39:31.995719,XRPUSD,2.21279,1031.77839,0.0
415079038,2025-04-23 02:39:32.116000,XRPUSD,Buy,2151.7,2.21347,market,other,2,partial_fill,1031.77839,863.50919574,2025-04-23 02:39:31.743200,XRPUSD,2.21279,1031.77839,0.0
415079038,2025-04-23 02:39:32.116000,XRPUSD,Buy,2151.7,2.21347,market,other,3,partial_fill,863.50919574,0.0,2025-04-23 02:39:31.370729,XRPUSD,2.21279,1031.77839,168.26919425999995
415079039,2025-04-23 02:39:32.116000,XRPUSD,Buy,804.17889282,2.21349,market,other,1,partial_fill,168.26919425999995,635.90969856,2025-04-23 02:39:31.370729,XRPUSD,2.21279,1031.77839,0.0
415079039,2025-04-23 02:39:32.116000,XRPUSD,Buy,804.17889282,2.21349,market,other,2,partial_fill,635.90969856,0.0,2025-04-23 02:39:31.259811,XRPUSD,2.21279,1031.77839,395.8686914399999
415079063,2025-04-23 02:39:38.238000,XRPUSD,Buy,480.0,2.21339,market,other,1,fill,480.0,0.0,2025-04-23 02:39:38.263291,XRPUSD,2.21284,1650.2142,1170.2142
415079077,2025-04-23 02:39:48.407000,XRPUSD,Buy,0.5,2.21339,market,other,1,fill,0.5,0.0,2025-04-23 02:39:48.496340,XRPUSD,2.21316,340.0362,339.5362
415079078,2025-04-23 02:39:48.407000,XRPUSD,Buy,0.5,2.21351,market,other,1,fill,0.5,0.0,2025-04-23 02:39:48.496340,XRPUSD,2.21316,340.0362,339.0362
415079113,2025-04-23 02:40:02.611000,XRPUSD,Buy,1581.67365164,2.21381,market,other,1,partial_fill,1079.8914,501.7822516399999,2025-04-23 02:40:02.753821,XRPUSD,2.21281,1079.8914,0.0
415079113,2025-04-23 02:40:02.611000,XRPUSD,Buy,1581.67365164,2.21381,market,other,2,partial_fill,501.7822516399999,0.0,2025-04-23 02:40:02.358413,XRPUSD,2.21281,1079.8914,578.1091483600001
415079148,2025-04-23 02:40:14.019000,XRPUSD,Buy,1449.0,2.21489,market,other,1,partial_fill,1186.9399,262.0600999999999,2025-04-23 02:40:14.001989,XRPUSD,2.21482,1186.9399,0.0
415079148,2025-04-23 02:40:14.019000,XRPUSD,Buy,1449.0,2.21489,market,other,2,partial_fill,262.0600999999999,0.0,2025-04-23 02:40:14.112361,XRPUSD,2.21482,1186.9399,924.8798000000002
415079149,2025-04-23 02:40:14.059000,XRPUSD,Buy,0.15878855,2.21489,market,other,1,fill,0.15878855,0.0,2025-04-23 02:40:14.112361,XRPUSD,2.21482,1186.9399,924.7210114500001
415079175,2025-04-23 02:40:28.683000,XRPUSD,Buy,0.446,2.21647,market,other,1,fill,0.446,0.0,2025-04-23 02:40:28.737744,XRPUSD,2.21596,116.1923,115.7463
415079252,2025-04-23 02:41:01.253000,XRPUSD,Buy,22.379,2.2161,market,other,1,fill,22.379,0.0,2025-04-23 02:41:01.268492,XRPUSD,2.21544,1591.2591,1568.8801
415079280,2025-04-23 02:41:12.107000,XRPUSD,Buy,1014.0,2.2164,market,other,1,fill,1014.0,0.0,2025-04-23 02:41:12.005454,XRPUSD,2.21602,1199.3702,185.37020000000007
415079286,2025-04-23 02:41:13.684000,XRPUSD,Buy,1527.40746954,2.21644,market,other,1,partial_fill,233.4837,1293.92376954,2025-04-23 02:41:13.783847,XRPUSD,2.21622,233.4837,0.0
415079286,2025-04-23 02:41:13.684000,XRPUSD,Buy,1527.40746954,2.21644,market,other,2,partial_fill,957.879,336.04476953999995,2025-04-23 02:41:13.365405,XRPUSD,2.21633,957.879,0.0
415079286,2025-04-23 02:41:13.684000,XRPUSD,Buy,1527.40746954,2.21644,market,other,3,partial_fill,336.04476953999995,0.0,2025-04-23 02:41:13.097058,XRPUSD,2.21633,957.879,621.8342304600001
415079367,2025-04-23 02:41:38.884000,XRPUSD,Buy,3383.76214409,2.21655,market,other,1,partial_fill,1405.111,1978.6511440900001,2025-04-23 02:41:39.017482,XRPUSD,2.21583,1405.111,0.0
415079367,2025-04-23 02:41:38.884000,XRPUSD,Buy,3383.76214409,2.21655,market,other,2,partial_fill,910.111,1068.54014409,2025-04-23 02:41:38.666397,XRPUSD,2.21583,910.111,0.0
415079367,2025-04-23 02:41:38.884000,XRPUSD,Buy,3383.76214409,2.21655,market,other,3,partial_fill,415.111,653.42914409,2025-04-23 02:41:38.528492,XRPUSD,2.21583,415.111,0.0
415079367,2025-04-23 02:41:38.884000,XRPUSD,Buy,3383.76214409,2.21655,market,other,4,partial_fill,439.519,213.91014409000002,2025-04-23 02:41:38.257532,XRPUSD,2.21583,439.519,0.0
415079367,2025-04-23 02:41:38.884000,XRPUSD,Buy,3383.76214409,2.21655,market,other,5,partial_fill,213.91014409000002,0.0,2025-04-23 02:41:37.855105,XRPUSD,2.21583,439.519,225.60885591
415079368,2025-04-23 02:41:38.884000,XRPUSD,Buy,607.5,2.21655,market,other,1,partial_fill,225.60885591,381.89114409,2025-04-23 02:41:37.855105,XRPUSD,2.21583,439.519,0.0
415079368,2025-04-23 02:41:38.884000,XRPUSD,Buy,607.5,2.21655,market,other,2,partial_fill,381.89114409,0.0,2025-04-23 02:41:37.624224,XRPUSD,2.21583,934.519,552.62785591
415079369,2025-04-23 02:41:38.884000,XRPUSD,Buy,1008.9,2.21662,market,other,1,partial_fill,552.62785591,456.27214409,2025-04-23 02:41:37.624224,XRPUSD,2.21583,934.519,0.0
415079369,2025-04-23 02:41:38.884000,XRPUSD,Buy,1008.9,2.21662,market,other,2,partial_fill,456.27214409,0.0,2025-04-23 02:41:37.514369,XRPUSD,2.21583,934.519,478.24685591
415079370,2025-04-23 02:41:38.884000,XRPUSD,Buy,1804.51181234,2.21667,market,other,1,partial_fill,478.24685591,1326.26495643,2025-04-23 02:41:37.514369,XRPUSD,2.21583,934.519,0.0
415079370,2025-04-23 02:41:38.884000,XRPUSD,Buy,1804.51181234,2.21667,market,other,2,partial_fill,439.746,886.51895643,2025-04-23 02:41:37.124514,XRPUSD,2.21583,439.746,0.0
415079370,2025-04-23 02:41:38.884000,XRPUSD,Buy,1804.51181234,2.21667,market,other,3,partial_fill,439.519,446.99995643,2025-04-23 02:41:36.864903,XRPUSD,2.21583,439.519,0.0
415079370,2025-04-23 02:41:38.884000,XRPUSD,Buy,1804.51181234,2.21667,market,other,4,partial_fill,439.7458,7.254156430000023,2025-04-23 02:41:36.762760,XRPUSD,2.21583,439.7458,0.0
415079370,2025-04-23 02:41:38.884000,XRPUSD,Buy,1804.51181234,2.21667,market,other,5,partial_fill,7.254156430000023,0.0,2025-04-23 02:41:36.346939,XRPUSD,2.21583,897.406,890.15184357
415079371,2025-04-23 02:41:38.884000,XRPUSD,Buy,607.5,2.21673,market,other,1,fill,607.5,0.0,2025-04-23 02:41:36.346939,XRPUSD,2.21583,897.406,282.65184357
415079372,2025-04-23 02:41:38.884000,XRPUSD,Buy,1804.46043226,2.21673,market,other,1,partial_fill,282.65184357,1521.80858869,2025-04-23 02:41:36.346939,XRPUSD,2.21583,897.406,0.0
415079372,2025-04-23 02:41:38.884000,XRPUSD,Buy,1804.46043226,2.21673,market,other,2,partial_fill,897.406,624.4025886900001,2025-04-23 02:41:36.103823,XRPUSD,2.21583,897.406,0.0
415079372,2025-04-23 02:41:38.884000,XRPUSD,Buy,1804.46043226,2.21673,market,other,3,partial_fill,624.4025886900001,0.0,2025-04-23 02:41:35.994192,XRPUSD,2.21583,934.745,310.3424113099999
415079373,2025-04-23 02:41:38.884000,XRPUSD,Buy,507.34631405,2.2168,market,other,1,partial_fill,310.3424113099999,197.00390274000011,2025-04-23 02:41:35.994192,XRPUSD,2.21583,934.745,0.0
415079373,2025-04-23 02:41:38.884000,XRPUSD,Buy,507.34631405,2.2168,market,other,2,partial_fill,197.00390274000011,0.0,2025-04-23 02:41:35.733503,XRPUSD,2.21583,934.745,737.7410972599998
415079520,2025-04-23 02:42:34.886000,XRPUSD,Buy,263.540128,2.21714,market,other,1,fill,263.540128,0.0,2025-04-23 02:42:34.904266,XRPUSD,2.21688,1378.5325,1114.9923720000002
415079823,2025-04-23 02:45:03.382000,XRPUSD,Buy,47.0,2.21782,market,other,1,fill,47.0,0.0,2025-04-23 02:45:03.508340,XRPUSD,2.2175,225.4,178.4
415079824,2025-04-23 02:45:03.442000,XRPUSD,Buy,200.0,2.21823,market,other,1,partial_fill,178.4,21.599999999999994,2025-04-23 02:45:03.508340,XRPUSD,2.2175,225.4,0.0
415079824,2025-04-23 02:45:03.442000,XRPUSD,Buy,200.0,2.21823,market,other,2,partial_fill,21.599999999999994,0.0,2025-04-23 02:45:03.128495,XRPUSD,2.2175,225.4,203.8
415079840,2025-04-23 02:45:10.652000,XRPUSD,Buy,2151.7,2.21925,market,other,1,partial_fill,318.033,1833.667,2025-04-23 02:45:10.432700,XRPUSD,2.21886,318.033,0.0
415079840,2025-04-23 02:45:10.652000,XRPUSD,Buy,2151.7,2.21925,market,other,2,partial_fill,318.033,1515.634,2025-04-23 02:45:10.160916,XRPUSD,2.21886,318.033,0.0
415079840,2025-04-23 02:45:10.652000,XRPUSD,Buy,2151.7,2.21925,market,other,3,partial_fill,199.6575,1315.9765,2025-04-23 02:45:10.014560,XRPUSD,2.21886,199.6575,0.0
415079840,2025-04-23 02:45:10.652000,XRPUSD,Buy,2151.7,2.21925,market,other,4,partial_fill,199.6575,1116.319,2025-04-23 02:45:09.637602,XRPUSD,2.21886,199.6575,0.0
415079840,2025-04-23 02:45:10.652000,XRPUSD,Buy,2151.7,2.21925,market,other,5,partial_fill,199.6521,916.6668999999999,2025-04-23 02:45:09.385910,XRPUSD,2.21893,199.6521,0.0
415079840,2025-04-23 02:45:10.652000,XRPUSD,Buy,2151.7,2.21925,market,other,6,partial_fill,199.6521,717.0147999999999,2025-04-23 02:45:09.275196,XRPUSD,2.21893,199.6521,0.0
415079840,2025-04-23 02:45:10.652000,XRPUSD,Buy,2151.7,2.21925,market,other,7,partial_fill,717.0147999999999,0.0,2025-04-23 02:45:09.045296,XRPUSD,2.21893,1229.3212,512.3064000000002
415079964,2025-04-23 02:46:05.908000,XRPUSD,Buy,5.913988,2.22063,market,other,1,fill,5.913988,0.0,2025-04-23 02:46:05.754655,XRPUSD,2.21981,2002.8477,1996.933712
415079978,2025-04-23 02:46:12.713000,XRPUSD,Buy,6.25,2.22095,market,other,1,fill,6.25,0.0,2025-04-23 02:46:12.627283,XRPUSD,2.22076,1182.29559,1176.04559
415079979,2025-04-23 02:46:13.117000,XRPUSD,Buy,41.044,2.22143,market,other,1,fill,41.044,0.0,2025-04-23 02:46:13.006899,XRPUSD,2.22076,1474.557,1433.513
415080005,2025-04-23 02:46:27.245000,XRPUSD,Buy,2151.7,2.22156,market,other,1,partial_fill,225.0,1926.6999999999998,2025-04-23 02:46:27.259105,XRPUSD,2.2214,225.0,0.0
415080005,2025-04-23 02:46:27.245000,XRPUSD,Buy,2151.7,2.22156,market,other,2,partial_fill,225.0,1701.6999999999998,2025-04-23 02:46:26.845007,XRPUSD,2.2214,225.0,0.0
415080005,2025-04-23 02:46:27.245000,XRPUSD,Buy,2151.7,2.22156,market,other,3,partial_fill,225.0,1476.6999999999998,2025-04-23 02:46:26.743864,XRPUSD,2.2215,225.0,0.0
415080005,2025-04-23 02:46:27.245000,XRPUSD,Buy,2151.7,2.22156,market,other,4,partial_fill,225.0,1251.6999999999998,2025-04-23 02:46:26.496482,XRPUSD,2.2215,225.0,0.0
415080005,2025-04-23 02:46:27.245000,XRPUSD,Buy,2151.7,2.22156,market,other,5,partial_fill,225.0,1026.6999999999998,2025-04-23 02:46:26.114852,XRPUSD,2.2215,225.0,0.0
415080005,2025-04-23 02:46:27.245000,XRPUSD,Buy,2151.7,2.22156,market,other,6,partial_fill,225.0,801.6999999999998,2025-04-23 02:46:26.010350,XRPUSD,2.2215,225.0,0.0
415080005,2025-04-23 02:46:27.245000,XRPUSD,Buy,2151.7,2.22156,market,other,7,partial_fill,225.0,576.6999999999998,2025-04-23 02:46:25.759327,XRPUSD,2.2215,225.0,0.0
415080005,2025-04-23 02:46:27.245000,XRPUSD,Buy,2151.7,2.22156,market,other,8,partial_fill,225.0,351.6999999999998,2025-04-23 02:46:25.373066,XRPUSD,2.2214,225.0,0.0
415080005,2025-04-23 02:46:27.245000,XRPUSD,Buy,2151.7,2.22156,market,other,9,partial_fill,225.0,126.69999999999982,2025-04-23 02:46:25.269034,XRPUSD,2.2214,225.0,0.0
415080005,2025-04-23 02:46:27.245000,XRPUSD,Buy,2151.7,2.22156,market,other,10,partial_fill,126.69999999999982,0.0,2025-04-23 02:46:25.002319,XRPUSD,2.2214,225.0,98.30000000000018
415080006,2025-04-23 02:46:27.306000,XRPUSD,Buy,200.0,2.22155,market,other,1,partial_fill,98.30000000000018,101.69999999999982,2025-04-23 02:46:25.002319,XRPUSD,2.2214,225.0,0.0
415080006,2025-04-23 02:46:27.306000,XRPUSD,Buy,200.0,2.22155,market,other,2,partial_fill,101.69999999999982,0.0,2025-04-23 02:46:24.611541,XRPUSD,2.2214,225.0,123.30000000000018
415080045,2025-04-23 02:46:39.861000,XRPUSD,Buy,200.0,2.2216,market,other,1,fill,200.0,0.0,2025-04-23 02:46:39.614778,XRPUSD,2.2211,225.1,25.099999999999994
415080194,2025-04-23 02:47:28.150000,XRPUSD,Buy,178.428,2.2223,market,other,1,fill,178.428,0.0,2025-04-23 02:47:28.235900,XRPUSD,2.2218,1238.4245,1059.9965000000002
415080305,2025-04-23 02:48:24.229000,XRPUSD,Buy,2151.7,2.22188,market,other,1,partial_fill,1488.9094,662.7905999999998,2025-04-23 02:48:24.250119,XRPUSD,2.22137,1488.9094,0.0
415080305,2025-04-23 02:48:24.229000,XRPUSD,Buy,2151.7,2.22188,market,other,2,partial_fill,662.7905999999998,0.0,2025-04-23 02:48:23.995917,XRPUSD,2.22137,1488.9094,826.1188000000002
415080306,2025-04-23 02:48:24.229000,XRPUSD,Buy,65.446655,2.22189,market,other,1,fill,65.446655,0.0,2025-04-23 02:48:23.995917,XRPUSD,2.22137,1488.9094,760.6721450000002
415080307,2025-04-23 02:48:24.229000,XRPUSD,Buy,754.553345,2.22194,market,other,1,fill,754.553345,0.0,2025-04-23 02:48:23.995917,XRPUSD,2.22137,1488.9094,6.118800000000192
415080309,2025-04-23 02:48:24.250000,XRPUSD,Buy,639.2597,2.22194,market,other,1,partial_fill,6.118800000000192,633.1408999999998,2025-04-23 02:48:23.995917,XRPUSD,2.22137,1488.9094,0.0
415080309,2025-04-23 02:48:24.250000,XRPUSD,Buy,639.2597,2.22194,market,other,2,partial_fill,633.1408999999998,0.0,2025-04-23 02:48:23.619554,XRPUSD,2.22137,1488.9094,855.7685000000002
415080310,2025-04-23 02:48:24.254000,XRPUSD,Buy,4049.47654845,2.22251,market,other,1,partial_fill,855.7685000000002,3193.7080484499998,2025-04-23 02:48:23.619554,XRPUSD,2.22137,1488.9094,0.0
415080310,2025-04-23 02:48:24.254000,XRPUSD,Buy,4049.47654845,2.22251,market,other,2,partial_fill,475.1949,2718.51314845,2025-04-23 02:48:23.517693,XRPUSD,2.22137,475.1949,0.0
415080310,2025-04-23 02:48:24.254000,XRPUSD,Buy,4049.47654845,2.22251,market,other,3,partial_fill,495.0,2223.51314845,2025-04-23 02:48:23.263659,XRPUSD,2.22159,495.0,0.0
415080310,2025-04-23 02:48:24.254000,XRPUSD,Buy,4049.47654845,2.22251,market,other,4,partial_fill,495.0,1728.5131484499998,2025-04-23 02:48:22.868637,XRPUSD,2.22159,495.0,0.0
415080310,2025-04-23 02:48:24.254000,XRPUSD,Buy,4049.47654845,2.22251,market,other,5,partial_fill,1289.0436,439.4695484499998,2025-04-23 02:48:22.762680,XRPUSD,2.22138,1289.0436,0.0
415080310,2025-04-23 02:48:24.254000,XRPUSD,Buy,4049.47654845,2.22251,market,other,6,partial_fill,439.4695484499998,0.0,2025-04-23 02:48:22.501684,XRPUSD,2.22138,1394.4436,954.9740515500002
415080311,2025-04-23 02:48:24.254000,XRPUSD,Buy,4048.91885092,2.22282,market,other,1,partial_fill,954.9740515500002,3093.9447993699996,2025-04-23 02:48:22.501684,XRPUSD,2.22138,1394.4436,0.0
415080311,2025-04-23 02:48:24.254000,XRPUSD,Buy,4048.91885092,2.22282,market,other,2,partial_fill,1394.4436,1699.5011993699995,2025-04-23 02:48:22.123049,XRPUSD,2.22138,1394.4436,0.0
415080311,2025-04-23 02:48:24.254000,XRPUSD,Buy,4048.91885092,2.22282,market,other,3,partial_fill,1394.4436,305.0575993699995,2025-04-23 02:48:22.024395,XRPUSD,2.22138,1394.4436,0.0
415080311,2025-04-23 02:48:24.254000,XRPUSD,Buy,4048.91885092,2.22282,market,other,4,partial_fill,305.0575993699995,0.0,2025-04-23 02:48:21.758791,XRPUSD,2.22138,1371.3404,1066.2828006300006
415080312,2025-04-23 02:48:24.254000,XRPUSD,Buy,2499.0,2.2229,market,other,1,partial_fill,1066.2828006300006,1432.7171993699994,2025-04-23 02:48:21.758791,XRPUSD,2.22138,1371.3404,0.0
415080312,2025-04-23 02:48:24.254000,XRPUSD,Buy,2499.0,2.2229,market,other,2,partial_fill,1371.3404,61.37679936999939,2025-04-23 02:48:21.344003,XRPUSD,2.22138,1371.3404,0.0
415080312,2025-04-23 02:48:24.254000,XRPUSD,Buy,2499.0,2.2229,market,other,3,partial_fill,61.37679936999939,0.0,2025-04-23 02:48:21.101981,XRPUSD,2.22138,609.8663,548.4895006300006
415080325,2025-04-23 02:48:27.075000,XRPUSD,Buy,3.0,2.22394,market,other,1,fill,3.0,0.0,2025-04-23 02:48:26.881351,XRPUSD,2.22333,374.3541,371.3541
415080362,2025-04-23 02:48:39.646000,XRPUSD,Buy,959.9,2.2237,market,other,1,fill,959.9,0.0,2025-04-23 02:48:39.754989,XRPUSD,2.22279,1765.7764,805.8764
415080363,2025-04-23 02:48:39.959000,XRPUSD,Buy,1380.8321427,2.22368,market,other,1,fill,1380.8321427,0.0,2025-04-23 02:48:40.018305,XRPUSD,2.22279,1765.7764,384.9442572999999
415080369,2025-04-23 02:48:41.619000,XRPUSD,Buy,959.9,2.22369,market,other,1,partial_fill,101.1,858.8,2025-04-23 02:48:41.629566,XRPUSD,2.2234,101.1,0.0
415080369,2025-04-23 02:48:41.619000,XRPUSD,Buy,959.9,2.22369,market,other,2,partial_fill,101.1,757.6999999999999,2025-04-23 02:48:41.513810,XRPUSD,2.2234,101.1,0.0
415080369,2025-04-23 02:48:41.619000,XRPUSD,Buy,959.9,2.22369,market,other,3,partial_fill,101.1,656.5999999999999,2025-04-23 02:48:41.126439,XRPUSD,2.2234,101.1,0.0
415080369,2025-04-23 02:48:41.619000,XRPUSD,Buy,959.9,2.22369,market,other,4,partial_fill,101.1,555.4999999999999,2025-04-23 02:48:40.852818,XRPUSD,2.2234,101.1,0.0
415080369,2025-04-23 02:48:41.619000,XRPUSD,Buy,959.9,2.22369,market,other,5,partial_fill,101.1,454.39999999999986,2025-04-23 02:48:40.736477,XRPUSD,2.2234,101.1,0.0
415080369,2025-04-23 02:48:41.619000,XRPUSD,Buy,959.9,2.22369,market,other,6,partial_fill,101.1,353.29999999999984,2025-04-23 02:48:40.393926,XRPUSD,2.2234,101.1,0.0
415080369,2025-04-23 02:48:41.619000,XRPUSD,Buy,959.9,2.22369,market,other,7,partial_fill,353.29999999999984,0.0,2025-04-23 02:48:40.134620,XRPUSD,2.22335,1460.3823,1107.0823
415080390,2025-04-23 02:48:49.460000,XRPUSD,Buy,959.9,2.22405,market,other,1,fill,959.9,0.0,2025-04-23 02:48:49.500795,XRPUSD,2.22329,1544.3726,584.4725999999999
415080410,2025-04-23 02:49:01.143000,XRPUSD,Buy,959.5,2.22477,market,other,1,partial_fill,101.1,858.4,2025-04-23 02:49:00.995571,XRPUSD,2.2242,101.1,0.0
415080410,2025-04-23 02:49:01.143000,XRPUSD,Buy,959.5,2.22477,market,other,2,partial_fill,101.1,757.3,2025-04-23 02:49:01.300461,XRPUSD,2.2242,101.1,0.0
415080410,2025-04-23 02:49:01.143000,XRPUSD,Buy,959.5,2.22477,market,other,3,partial_fill,757.3,0.0,2025-04-23 02:49:00.597766,XRPUSD,2.22399,2373.4206,1616.1206
415080490,2025-04-23 02:49:40.648000,XRPUSD,Buy,958.6,2.224,market,other,1,partial_fill,495.0,463.6,2025-04-23 02:49:40.513328,XRPUSD,2.2238,495.0,0.0
415080490,2025-04-23 02:49:40.648000,XRPUSD,Buy,958.6,2.224,market,other,2,partial_fill,463.6,0.0,2025-04-23 02:49:40.178637,XRPUSD,2.2238,495.0,31.399999999999977
415080527,2025-04-23 02:49:51.728000,XRPUSD,Buy,958.0,2.22471,market,other,1,fill,958.0,0.0,2025-04-23 02:49:51.786048,XRPUSD,2.22431,1284.0848,326.0848000000001
415080582,2025-04-23 02:50:06.245000,XRPUSD,Buy,2.232,2.22552,market,other,1,fill,2.232,0.0,2025-04-23 02:50:06.131040,XRPUSD,2.22477,955.5437,953.3117
415080619,2025-04-23 02:50:21.842000,XRPUSD,Buy,1566.1,2.22544,market,other,1,partial_fill,224.7,1341.3999999999999,2025-04-23 02:50:21.865698,XRPUSD,2.2248,224.7,0.0
415080619,2025-04-23 02:50:21.842000,XRPUSD,Buy,1566.1,2.22544,market,other,2,partial_fill,224.7,1116.6999999999998,2025-04-23 02:50:21.762374,XRPUSD,2.2248,224.7,0.0
415080619,2025-04-23 02:50:21.842000,XRPUSD,Buy,1566.1,2.22544,market,other,3,partial_fill,224.7,891.9999999999998,2025-04-23 02:50:21.504808,XRPUSD,2.2248,224.7,0.0
415080619,2025-04-23 02:50:21.842000,XRPUSD,Buy,1566.1,2.22544,market,other,4,partial_fill,224.7,667.2999999999997,2025-04-23 02:50:21.103214,XRPUSD,2.2248,224.7,0.0
415080619,2025-04-23 02:50:21.842000,XRPUSD,Buy,1566.1,2.22544,market,other,5,partial_fill,667.2999999999997,0.0,2025-04-23 02:50:20.989946,XRPUSD,2.22476,1047.5992000000003,380.2992000000006
415080645,2025-04-23 02:50:31.250000,XRPUSD,Buy,11.162,2.22526,market,other,1,fill,11.162,0.0,2025-04-23 02:50:31.265877,XRPUSD,2.22467,1544.4706,1533.3086
415080700,2025-04-23 02:50:49.643000,XRPUSD,Buy,1400.5,2.22653,market,other,1,partial_fill,224.7885,1175.7115,2025-04-23 02:50:49.656405,XRPUSD,2.22619,224.7885,0.0
415080700,2025-04-23 02:50:49.643000,XRPUSD,Buy,1400.5,2.22653,market,other,2,partial_fill,202.1811,973.5303999999999,2025-04-23 02:50:49.388070,XRPUSD,2.22619,202.1811,0.0
415080700,2025-04-23 02:50:49.643000,XRPUSD,Buy,1400.5,2.22653,market,other,3,partial_fill,202.1811,771.3492999999999,2025-04-23 02:50:49.262815,XRPUSD,2.22619,202.1811,0.0
415080700,2025-04-23 02:50:49.643000,XRPUSD,Buy,1400.5,2.22653,market,other,4,partial_fill,202.1811,569.1681999999998,2025-04-23 02:50:48.987829,XRPUSD,2.22619,202.1811,0.0
415080700,2025-04-23 02:50:49.643000,XRPUSD,Buy,1400.5,2.22653,market,other,5,partial_fill,202.1811,366.9870999999998,2025-04-23 02:50:48.681792,XRPUSD,2.22619,202.1811,0.0
415080700,2025-04-23 02:50:49.643000,XRPUSD,Buy,1400.5,2.22653,market,other,6,partial_fill,366.9870999999998,0.0,2025-04-23 02:50:48.544722,XRPUSD,2.22576,1461.8158,1094.8287000000003
415080711,2025-04-23 02:50:51.162000,XRPUSD,Buy,10.55731021,2.22688,market,other,1,fill,10.55731021,0.0,2025-04-23 02:50:51.116608,XRPUSD,2.2263,224.5,213.94268979
415080712,2025-04-23 02:50:51.162000,XRPUSD,Buy,607.5,2.22709,market,other,1,partial_fill,213.94268979,393.55731020999997,2025-04-23 02:50:51.116608,XRPUSD,2.2263,224.5,0.0
415080712,2025-04-23 02:50:51.162000,XRPUSD,Buy,607.5,2.22709,market,other,2,partial_fill,224.5,169.05731020999997,2025-04-23 02:50:50.852219,XRPUSD,2.2263,224.5,0.0
415080712,2025-04-23 02:50:51.162000,XRPUSD,Buy,607.5,2.22709,market,other,3,partial_fill,169.05731020999997,0.0,2025-04-23 02:50:50.745670,XRPUSD,2.2263,224.5,55.44268979000003
415080714,2025-04-23 02:50:51.171000,XRPUSD,Buy,607.5,2.22735,market,other,1,partial_fill,55.44268979000003,552.05731021,2025-04-23 02:50:50.745670,XRPUSD,2.2263,224.5,0.0
415080714,2025-04-23 02:50:51.171000,XRPUSD,Buy,607.5,2.22735,market,other,2,partial_fill,552.05731021,0.0,2025-04-23 02:50:50.349101,XRPUSD,2.22619,1485.4054,933.3480897900001
415080742,2025-04-23 02:50:54.998000,XRPUSD,Buy,10.58355929,2.22911,market,other,1,fill,10.58355929,0.0,2025-04-23 02:50:55.112311,XRPUSD,2.22843,1382.3768,1371.79324071
415080939,2025-04-23 02:51:58.685000,XRPUSD,Buy,800.0,2.22553,market,other,1,fill,800.0,0.0,2025-04-23 02:51:58.629776,XRPUSD,2.22512,1663.0728,863.0727999999999
415080968,2025-04-23 02:52:03.034000,XRPUSD,Buy,252.785,2.22552,market,other,1,fill,252.785,0.0,2025-04-23 02:52:03.004407,XRPUSD,2.22512,1167.8981,915.1131000000001
415080970,2025-04-23 02:52:07.222000,XRPUSD,Buy,13.267,2.22476,market,other,1,fill,13.267,0.0,2025-04-23 02:52:07.264561,XRPUSD,2.22437,1409.6421,1396.3751
415081268,2025-04-23 02:54:02.846000,XRPUSD,Buy,178.433,2.22311,market,other,1,fill,178.433,0.0,2025-04-23 02:54:02.770219,XRPUSD,2.22265,1050.3748,871.9418000000001
415081359,2025-04-23 02:54:38.253000,XRPUSD,Buy,0.894,2.22079,market,other,1,fill,0.894,0.0,2025-04-23 02:54:38.265154,XRPUSD,2.22023,771.1246,770.2306
415081552,2025-04-23 02:56:08.225000,XRPUSD,Buy,121.04,2.21999,market,other,1,fill,121.04,0.0,2025-04-23 02:56:08.113317,XRPUSD,2.21961,1259.59999,1138.55999
415081628,2025-04-23 02:56:24.395000,XRPUSD,Buy,45.972,2.22023,market,other,1,fill,45.972,0.0,2025-04-23 02:56:24.509823,XRPUSD,2.2198,225.2,179.22799999999998
415081685,2025-04-23 02:56:46.847000,XRPUSD,Buy,1467.0,2.21969,market,other,1,fill,1467.0,0.0,2025-04-23 02:56:46.860202,XRPUSD,2.21915,1664.6079,197.60789999999997
415081778,2025-04-23 02:57:24.035000,XRPUSD,Buy,110.66742727,2.21921,market,other,1,fill,110.66742727,0.0,2025-04-23 02:57:23.886148,XRPUSD,2.21851,1011.129,900.4615727300001
415081899,2025-04-23 02:58:28.579000,XRPUSD,Buy,310.05043762,2.21776,market,other,1,partial_fill,6.2876,303.76283762,2025-04-23 02:58:28.390869,XRPUSD,2.21747,6.2876,0.0
415081899,2025-04-23 02:58:28.579000,XRPUSD,Buy,310.05043762,2.21776,market,other,2,partial_fill,6.2876,297.47523762000003,2025-04-23 02:58:28.106342,XRPUSD,2.21747,6.2876,0.0
415081899,2025-04-23 02:58:28.579000,XRPUSD,Buy,310.05043762,2.21776,market,other,3,partial_fill,6.2876,291.18763762000003,2025-04-23 02:58:28.001838,XRPUSD,2.21747,6.2876,0.0
415081899,2025-04-23 02:58:28.579000,XRPUSD,Buy,310.05043762,2.21776,market,other,4,partial_fill,6.2876,284.90003762000003,2025-04-23 02:58:27.731471,XRPUSD,2.21747,6.2876,0.0
415081899,2025-04-23 02:58:28.579000,XRPUSD,Buy,310.05043762,2.21776,market,other,5,partial_fill,6.2876,278.61243762000004,2025-04-23 02:58:27.393122,XRPUSD,2.21747,6.2876,0.0
415081899,2025-04-23 02:58:28.579000,XRPUSD,Buy,310.05043762,2.21776,market,other,6,partial_fill,6.2876,272.32483762000004,2025-04-23 02:58:27.281759,XRPUSD,2.21747,6.2876,0.0
415081899,2025-04-23 02:58:28.579000,XRPUSD,Buy,310.05043762,2.21776,market,other,7,partial_fill,6.2876,266.03723762000004,2025-04-23 02:58:27.006060,XRPUSD,2.21747,6.2876,0.0
415081899,2025-04-23 02:58:28.579000,XRPUSD,Buy,310.05043762,2.21776,market,other,8,partial_fill,6.2876,259.74963762000004,2025-04-23 02:58:26.628996,XRPUSD,2.21747,6.2876,0.0
415081899,2025-04-23 02:58:28.579000,XRPUSD,Buy,310.05043762,2.21776,market,other,9,partial_fill,6.2876,253.46203762000005,2025-04-23 02:58:26.513730,XRPUSD,2.21747,6.2876,0.0
415081899,2025-04-23 02:58:28.579000,XRPUSD,Buy,310.05043762,2.21776,market,other,10,partial_fill,6.2876,247.17443762000005,2025-04-23 02:58:26.258035,XRPUSD,2.21747,6.2876,0.0
415081899,2025-04-23 02:58:28.579000,XRPUSD,Buy,310.05043762,2.21776,market,other,11,partial_fill,6.2876,240.88683762000005,2025-04-23 02:58:25.849323,XRPUSD,2.21747,6.2876,0.0
415081899,2025-04-23 02:58:28.579000,XRPUSD,Buy,310.05043762,2.21776,market,other,12,partial_fill,6.2876,234.59923762000005,2025-04-23 02:58:25.743851,XRPUSD,2.21747,6.2876,0.0
415081899,2025-04-23 02:58:28.579000,XRPUSD,Buy,310.05043762,2.21776,market,other,13,partial_fill,6.2876,228.31163762000006,2025-04-23 02:58:25.491191,XRPUSD,2.21747,6.2876,0.0
415081899,2025-04-23 02:58:28.579000,XRPUSD,Buy,310.05043762,2.21776,market,other,14,partial_fill,6.2876,222.02403762000006,2025-04-23 02:58:25.106534,XRPUSD,2.21747,6.2876,0.0
415081899,2025-04-23 02:58:28.579000,XRPUSD,Buy,310.05043762,2.21776,market,other,15,partial_fill,6.2876,215.73643762000006,2025-04-23 02:58:25.003092,XRPUSD,2.21747,6.2876,0.0
415081899,2025-04-23 02:58:28.579000,XRPUSD,Buy,310.05043762,2.21776,market,other,16,partial_fill,6.2876,209.44883762000006,2025-04-23 02:58:24.747821,XRPUSD,2.21747,6.2876,0.0
415081899,2025-04-23 02:58:28.579000,XRPUSD,Buy,310.05043762,2.21776,market,other,17,partial_fill,209.44883762000006,0.0,2025-04-23 02:58:24.370194,XRPUSD,2.21747,501.2876,291.83876237999993
415081907,2025-04-23 02:58:36.339000,XRPUSD,Buy,81.695,2.21753,market,other,1,partial_fill,6.2876,75.4074,2025-04-23 02:58:36.158625,XRPUSD,2.21747,6.2876,0.0
415081907,2025-04-23 02:58:36.339000,XRPUSD,Buy,81.695,2.21753,market,other,2,partial_fill,6.2876,69.1198,2025-04-23 02:58:36.044308,XRPUSD,2.21747,6.2876,0.0
415081907,2025-04-23 02:58:36.339000,XRPUSD,Buy,81.695,2.21753,market,other,3,partial_fill,6.2876,62.8322,2025-04-23 02:58:35.769167,XRPUSD,2.21747,6.2876,0.0
415081907,2025-04-23 02:58:36.339000,XRPUSD,Buy,81.695,2.21753,market,other,4,partial_fill,6.2876,56.5446,2025-04-23 02:58:35.362866,XRPUSD,2.21747,6.2876,0.0
415081907,2025-04-23 02:58:36.339000,XRPUSD,Buy,81.695,2.21753,market,other,5,partial_fill,6.2876,50.257000000000005,2025-04-23 02:58:35.263119,XRPUSD,2.21747,6.2876,0.0
415081907,2025-04-23 02:58:36.339000,XRPUSD,Buy,81.695,2.21753,market,other,6,partial_fill,6.2876,43.96940000000001,2025-04-23 02:58:35.003206,XRPUSD,2.21747,6.2876,0.0
415081907,2025-04-23 02:58:36.339000,XRPUSD,Buy,81.695,2.21753,market,other,7,partial_fill,6.2876,37.68180000000001,2025-04-23 02:58:34.616675,XRPUSD,2.21747,6.2876,0.0
415081907,2025-04-23 02:58:36.339000,XRPUSD,Buy,81.695,2.21753,market,other,8,partial_fill,6.2876,31.39420000000001,2025-04-23 02:58:34.511325,XRPUSD,2.21747,6.2876,0.0
415081907,2025-04-23 02:58:36.339000,XRPUSD,Buy,81.695,2.21753,market,other,9,partial_fill,6.2876,25.106600000000007,2025-04-23 02:58:34.253731,XRPUSD,2.21747,6.2876,0.0
415081907,2025-04-23 02:58:36.339000,XRPUSD,Buy,81.695,2.21753,market,other,10,partial_fill,6.2876,18.819000000000006,2025-04-23 02:58:33.853040,XRPUSD,2.21747,6.2876,0.0
415081907,2025-04-23 02:58:36.339000,XRPUSD,Buy,81.695,2.21753,market,other,11,partial_fill,6.2876,12.531400000000005,2025-04-23 02:58:33.604976,XRPUSD,2.21747,6.2876,0.0
415081907,2025-04-23 02:58:36.339000,XRPUSD,Buy,81.695,2.21753,market,other,12,partial_fill,6.2876,6.243800000000005,2025-04-23 02:58:33.498808,XRPUSD,2.21747,6.2876,0.0
415081907,2025-04-23 02:58:36.339000,XRPUSD,Buy,81.695,2.21753,market,other,13,partial_fill,6.243800000000005,0.0,2025-04-23 02:58:33.130231,XRPUSD,2.21747,6.2876,0.04379999999999562
415081926,2025-04-23 02:58:44.362000,XRPUSD,Buy,19.744187,2.21742,market,other,1,fill,19.744187,0.0,2025-04-23 02:58:44.091335,XRPUSD,2.21714,1048.6324,1028.888213
415082017,2025-04-23 02:59:14.557000,XRPUSD,Buy,225.3329,2.21741,market,other,1,fill,225.3329,0.0,2025-04-23 02:59:14.394163,XRPUSD,2.21717,1963.2353,1737.9024
415082018,2025-04-23 02:59:14.558000,XRPUSD,Buy,8.9e-05,2.21741,market,other,1,fill,8.9e-05,0.0,2025-04-23 02:59:14.394163,XRPUSD,2.21717,1963.2353,1737.902311
415082043,2025-04-23 02:59:25.585000,XRPUSD,Buy,42.718,2.21754,market,other,1,fill,42.718,0.0,2025-04-23 02:59:25.616358,XRPUSD,2.21701,705.5735,662.8555
415082461,2025-04-23 03:00:36.845000,XRPUSD,Buy,564.61269013,2.21684,market,other,1,fill,564.61269013,0.0,2025-04-23 03:00:36.676074,XRPUSD,2.21635,1121.8624,557.24970987
415082515,2025-04-23 03:00:52.968000,XRPUSD,Buy,1668.58416247,2.21635,market,other,1,partial_fill,1250.385,418.1991624699999,2025-04-23 03:00:53.018903,XRPUSD,2.21613,1250.385,0.0
415082515,2025-04-23 03:00:52.968000,XRPUSD,Buy,1668.58416247,2.21635,market,other,2,partial_fill,418.1991624699999,0.0,2025-04-23 03:00:52.757743,XRPUSD,2.21613,1250.385,832.1858375300001
415082691,2025-04-23 03:01:28.439000,XRPUSD,Buy,4908.0,2.21535,market,other,1,partial_fill,1335.8269,3572.1731,2025-04-23 03:01:28.363854,XRPUSD,2.21519,1335.8269,0.0
415082691,2025-04-23 03:01:28.439000,XRPUSD,Buy,4908.0,2.21535,market,other,2,partial_fill,1335.8269,2236.3462,2025-04-23 03:01:28.251423,XRPUSD,2.21519,1335.8269,0.0
415082691,2025-04-23 03:01:28.439000,XRPUSD,Buy,4908.0,2.21535,market,other,3,partial_fill,1335.8269,900.5192999999999,2025-04-23 03:01:27.981339,XRPUSD,2.21519,1335.8269,0.0
415082691,2025-04-23 03:01:28.439000,XRPUSD,Buy,4908.0,2.21535,market,other,4,partial_fill,900.5192999999999,0.0,2025-04-23 03:01:27.621680,XRPUSD,2.21519,1335.8269,435.3076000000001
415082692,2025-04-23 03:01:28.444000,XRPUSD,Buy,0.86,2.21535,market,other,1,fill,0.86,0.0,2025-04-23 03:01:27.621680,XRPUSD,2.21519,1335.8269,434.4476000000001
415082693,2025-04-23 03:01:28.446000,XRPUSD,Buy,4930.49960985,2.21541,market,other,1,partial_fill,434.4476000000001,4496.052009849999,2025-04-23 03:01:27.621680,XRPUSD,2.21519,1335.8269,0.0
415082693,2025-04-23 03:01:28.446000,XRPUSD,Buy,4930.49960985,2.21541,market,other,2,partial_fill,1335.8269,3160.225109849999,2025-04-23 03:01:27.513485,XRPUSD,2.21519,1335.8269,0.0
415082693,2025-04-23 03:01:28.446000,XRPUSD,Buy,4930.49960985,2.21541,market,other,3,partial_fill,1335.8269,1824.3982098499991,2025-04-23 03:01:27.253374,XRPUSD,2.21519,1335.8269,0.0
415082693,2025-04-23 03:01:28.446000,XRPUSD,Buy,4930.49960985,2.21541,market,other,4,partial_fill,1335.8269,488.5713098499991,2025-04-23 03:01:26.899842,XRPUSD,2.21519,1335.8269,0.0
415082693,2025-04-23 03:01:28.446000,XRPUSD,Buy,4930.49960985,2.21541,market,other,5,partial_fill,488.5713098499991,0.0,2025-04-23 03:01:26.796936,XRPUSD,2.21519,1335.8269,847.2555901500009
415082694,2025-04-23 03:01:28.446000,XRPUSD,Buy,174.758,2.21543,market,other,1,fill,174.758,0.0,2025-04-23 03:01:26.796936,XRPUSD,2.21519,1335.8269,672.4975901500009
415082695,2025-04-23 03:01:28.827000,XRPUSD,Buy,83.0,2.21543,market,other,1,fill,83.0,0.0,2025-04-23 03:01:28.739515,XRPUSD,2.21519,1335.8269,1252.8269
415082696,2025-04-23 03:01:28.903000,XRPUSD,Buy,0.9942027,2.21543,market,other,1,fill,0.9942027,0.0,2025-04-23 03:01:28.739515,XRPUSD,2.21519,1335.8269,1251.8326973
415082709,2025-04-23 03:01:38.183000,XRPUSD,Buy,25.0,2.21442,market,other,1,fill,25.0,0.0,2025-04-23 03:01:38.246923,XRPUSD,2.21427,342.7714,317.7714
415082723,2025-04-23 03:01:44.107000,XRPUSD,Buy,20.71,2.21449,market,other,1,fill,20.71,0.0,2025-04-23 03:01:44.111419,XRPUSD,2.2142,225.8,205.09
415082740,2025-04-23 03:01:53.728000,XRPUSD,Buy,36.0,2.21458,market,other,1,fill,36.0,0.0,2025-04-23 03:01:53.745431,XRPUSD,2.21456,375.0,339.0
415082780,2025-04-23 03:02:04.112000,XRPUSD,Buy,698.0,2.21544,market,other,1,fill,698.0,0.0,2025-04-23 03:02:04.131053,XRPUSD,2.21496,1934.4734,1236.4734
415082837,2025-04-23 03:02:36.226000,XRPUSD,Buy,44.35222171,2.2152,market,other,1,fill,44.35222171,0.0,2025-04-23 03:02:36.274789,XRPUSD,2.21457,1507.9759,1463.6236782899998
415082981,2025-04-23 03:03:35.527000,XRPUSD,Buy,23.840285,2.2147,market,other,1,fill,23.840285,0.0,2025-04-23 03:03:35.535088,XRPUSD,2.21405,970.6955,946.855215
